Timestamp,Open,High,Low,Close,Volume,price
2025-01-07 13:00:00+00:00,3632.927336475147,3645.5545189236295,3631.955139647472,3635.3082005950355,21464806905.268906,3635.3082005950355
2025-01-07 14:00:00+00:00,3634.8150371693373,3641.486564520117,3605.7673400377203,3605.782561664522,21069367330.317165,3605.782561664522
2025-01-07 15:00:00+00:00,3605.1942183416886,3605.536479084552,3422.2323759243513,3465.8422624803106,26219206021.18466,3465.8422624803106
2025-01-07 16:00:00+00:00,3466.5756893184935,3490.0552569044453,3451.996226483278,3460.7319138099724,26745345622.622314,3460.7319138099724
2025-01-07 17:00:00+00:00,3459.813687385699,3468.764546739586,3419.708557111032,3443.7790637136445,27343563187.088646,3443.7790637136445
2025-01-07 18:00:00+00:00,3444.022848011023,3457.332444420863,3413.339004035749,3420.428591805247,27838816825.326584,3420.428591805247
2025-01-07 19:00:00+00:00,3420.132912488099,3435.3834165784438,3379.9249998575156,3382.254017371653,29477664712.266563,3382.254017371653
2025-01-07 20:00:00+00:00,3384.3043717737705,3397.462389657324,3366.2759183673115,3381.12641627773,30473479040.21805,3381.12641627773
2025-01-07 21:00:00+00:00,3380.184181517315,3411.260657903088,3368.053708629108,3369.8888465617933,31113417188.442513,3369.8888465617933
2025-01-07 22:00:00+00:00,3370.109624838418,3394.6492425109136,3356.9793563518747,3394.6501393752233,31939791828.266636,3394.6501393752233
2025-01-07 23:00:00+00:00,3395.6528869177364,3395.6644796945216,3375.033312545813,3381.530451381755,32234865806.40537,3381.530451381755
2025-01-08 00:00:00+00:00,3381.5686651203628,3413.705935577229,3379.4896123751064,3412.0831101447975,32640830569.29793,3412.0831101447975
2025-01-08 01:00:00+00:00,3411.6648907068416,3412.3351987603646,3376.5583459913864,3388.5234158785943,32857739247.7181,3388.5234158785943
2025-01-08 02:00:00+00:00,3388.4388495848107,3402.151110681188,3383.0126414394726,3384.2559213653963,33170261302.558174,3384.2559213653963
2025-01-08 03:00:00+00:00,3384.3307244044313,3385.7849621237324,3344.1407980642275,3359.8365867923953,34322203507.416805,3359.8365867923953
2025-01-08 04:00:00+00:00,3360.616516059634,3372.884828191452,3344.084815990048,3346.791741031776,35099993790.2057,3346.791741031776
2025-01-08 05:00:00+00:00,3346.718343429709,3371.777829244107,3338.577834386309,3350.7637562892496,35649248525.48143,3350.7637562892496
2025-01-08 06:00:00+00:00,3350.9073932806473,3361.2560360854964,3307.7135937864095,3307.7135937864095,36705423698.61057,3307.7135937864095
2025-01-08 07:00:00+00:00,3307.1797422921272,3357.2057540215847,3307.448565224031,3354.289063457544,37679818026.545586,3354.289063457544
2025-01-08 08:00:00+00:00,3354.6069382352607,3374.872301669621,3351.3203997905207,3367.7883785404456,38222164504.493324,3367.7883785404456
2025-01-08 09:00:00+00:00,3366.5595465959655,3372.9268353446037,3351.157334627167,3351.157334627167,38272263936.54399,3351.157334627167
2025-01-08 10:00:00+00:00,3352.0454476993636,3370.933843895125,3346.281188891357,3362.557927765673,38457181106.26625,3362.557927765673
2025-01-08 11:00:00+00:00,3362.264991868401,3365.813654429518,3324.086342027245,3347.880884864969,38508589589.499626,3347.880884864969
2025-01-08 12:00:00+00:00,3348.141247846319,3359.2130343440126,3338.869844494369,3340.059992254439,38639252895.1853,3340.059992254439
2025-01-08 13:00:00+00:00,3339.6346964556,3364.928421042271,3339.028772742852,3360.941333769956,39780422084.83962,3360.941333769956
2025-01-08 14:00:00+00:00,3360.6678890660614,3379.1750964604757,3348.5282461198,3364.336064963169,39883581659.65013,3364.336064963169
2025-01-08 15:00:00+00:00,3365.5284190325197,3385.0327505948762,3333.167583646263,3345.4271079562077,33989398416.528454,3345.4271079562077
2025-01-08 16:00:00+00:00,3345.3417596328536,3346.858561801889,3311.17960535129,3314.406484697392,33484902264.467407,3314.406484697392
2025-01-08 17:00:00+00:00,3314.616208108069,3317.463511416072,3208.8435898667485,3260.783766691804,35735451531.223946,3260.783766691804
2025-01-08 18:00:00+00:00,3262.360234319106,3328.5400971178865,3260.7413244358877,3281.871353864766,36472292279.12002,3281.871353864766
2025-01-08 19:00:00+00:00,3282.2266232960374,3308.583412621549,3273.967319153457,3281.6418025311727,36653954563.25839,3281.6418025311727
2025-01-08 20:00:00+00:00,3281.8783850331415,3290.3147626375853,3266.9067115836806,3283.003497421076,35218650716.83438,3283.003497421076
2025-01-08 21:00:00+00:00,3283.514585991836,3303.6032942628126,3270.5827024491173,3298.3279981379055,34903170656.04992,3298.3279981379055
2025-01-08 22:00:00+00:00,3298.345402382856,3333.3040948120456,3298.1090241354286,3333.3040948120456,34683781570.095566,3333.3040948120456
2025-01-08 23:00:00+00:00,3332.945093092459,3333.428233784943,3316.8388681065862,3326.3535166540196,34337981118.213966,3326.3535166540196
2025-01-09 00:00:00+00:00,3326.3838491535807,3341.068333565458,3318.5176443466853,3341.068333565458,34295473555.65448,3341.068333565458
2025-01-09 01:00:00+00:00,3341.435799268119,3356.1514793245474,3335.5811464819258,3345.1109059308274,33866285689.079983,3345.1109059308274
2025-01-09 02:00:00+00:00,3345.302467061346,3349.8477150041076,3307.7050810232836,3337.095462281259,34620634941.06117,3337.095462281259
2025-01-09 03:00:00+00:00,3337.030526381519,3341.1184645602157,3317.3947590156013,3323.9466104436624,33479465165.980038,3323.9466104436624
2025-01-09 04:00:00+00:00,3324.2741603770096,3341.8796448128724,3311.2053912480023,3338.9763137726195,32576803968.954582,3338.9763137726195
2025-01-09 05:00:00+00:00,3338.3937256501654,3340.3662445155246,3324.304379021905,3327.8741481833877,32074539695.707,3327.8741481833877
2025-01-09 06:00:00+00:00,3327.4530610908264,3333.606002316116,3314.4644420893087,3315.750314413733,30951722763.2358,3315.750314413733
2025-01-09 07:00:00+00:00,3315.7550657683764,3323.035543910785,3283.9000506592365,3288.241159948253,30629666572.778797,3288.241159948253
2025-01-09 08:00:00+00:00,3289.19521929329,3323.9278314660783,3269.8539286134687,3308.163441090874,31179188657.736042,3308.163441090874
2025-01-09 09:00:00+00:00,3307.5796832986366,3325.36006674789,3306.5983859450785,3316.511066070602,31691596056.586483,3316.511066070602
2025-01-09 10:00:00+00:00,3317.0878191466522,3320.4784831414745,3284.1740850014335,3310.2255874518887,32189704859.5258,3310.2255874518887
2025-01-09 11:00:00+00:00,3310.0694961152462,3323.9794115861464,3294.099813522299,3299.959239731637,31919991326.916965,3299.959239731637
2025-01-09 12:00:00+00:00,3299.8286958033104,3307.196127049883,3280.267668951004,3292.9120329655484,31719802918.022396,3292.9120329655484
2025-01-09 13:00:00+00:00,3293.4664958973235,3296.82044197257,3219.362030529295,3219.362030529295,31991558989.912113,3219.362030529295
2025-01-09 14:00:00+00:00,3213.5104901604846,3250.9078075798952,3210.9411021540086,3247.032016821761,32270886512.39301,3247.032016821761
2025-01-09 15:00:00+00:00,3246.2248221765685,3333.0835565751977,3243.965994028706,3322.404211398683,32170661344.814785,3322.404211398683
2025-01-09 16:00:00+00:00,3322.5572106401546,3325.8669792794,3286.8238452647347,3301.315675733692,31792740310.194153,3301.315675733692
2025-01-09 17:00:00+00:00,3301.883724055281,3302.8235438099136,3235.805790142235,3253.558185200834,27592835097.601078,3253.558185200834
2025-01-09 18:00:00+00:00,3253.8447331788225,3268.72052998472,3246.8549612514375,3261.39274748431,26624842305.07621,3261.39274748431
2025-01-09 19:00:00+00:00,3262.7008483752775,3266.8302844466216,3213.9441714340637,3213.9441714340637,25898753354.569347,3213.9441714340637
2025-01-09 20:00:00+00:00,3206.655001771323,3212.7144007134016,3158.8225693899326,3198.9738705676446,28132380617.137436,3198.9738705676446
2025-01-09 21:00:00+00:00,3199.1908637627726,3226.034231086512,3190.5377614467197,3207.1874379975848,28313296236.03831,3207.1874379975848
2025-01-09 22:00:00+00:00,3207.890825915714,3238.000266207228,3188.793991478433,3225.89097019827,28623259626.76792,3225.89097019827
2025-01-09 23:00:00+00:00,3225.6356190120837,3232.0375751767606,3210.142968078036,3219.601602948146,28817255641.545883,3219.601602948146
2025-01-10 00:00:00+00:00,3219.66752959082,3232.1911283067775,3215.153286929784,3222.027582638241,29017266376.853535,3222.027582638241
2025-01-10 01:00:00+00:00,3221.923572242215,3239.0026983889475,3215.771717897274,3238.539061256606,29106085269.597275,3238.539061256606
2025-01-10 02:00:00+00:00,3238.7486641281002,3258.2304493375104,3232.542606262713,3241.1123336816795,28619399172.62817,3241.1123336816795
2025-01-10 03:00:00+00:00,3241.192066331886,3255.1018708317297,3240.071170800884,3254.3852457345197,28624126166.070477,3254.3852457345197
2025-01-10 04:00:00+00:00,3254.56347192447,3263.8798778887353,3247.686655492097,3252.2476889860714,28582288783.998028,3252.2476889860714
2025-01-10 05:00:00+00:00,3252.424951552558,3278.0955305335488,3243.803647169225,3262.5105458428343,28755218912.932827,3262.5105458428343
2025-01-10 06:00:00+00:00,3262.329387446454,3279.684432414128,3261.1171366721383,3278.197936555552,28834871645.94145,3278.197936555552
2025-01-10 07:00:00+00:00,3278.483714854213,3312.2239304494938,3271.8315086385182,3297.860643503975,28992463267.239094,3297.860643503975
2025-01-10 08:00:00+00:00,3297.6600025773682,3300.8974999909037,3289.153591378005,3296.205886675648,28752316420.58689,3296.205886675648
2025-01-10 09:00:00+00:00,3295.816581201756,3309.255316149715,3290.63521747109,3301.4720495816114,28374071127.065926,3301.4720495816114
2025-01-10 10:00:00+00:00,3301.5601480826367,3320.7552878026186,3298.4118641150494,3320.7552878026186,28158292892.38504,3320.7552878026186
2025-01-10 11:00:00+00:00,3320.56514627573,3320.6436520683146,3296.057036848478,3310.029172790565,28295130818.535717,3310.029172790565
2025-01-10 12:00:00+00:00,3309.6265994977307,3312.1972954040616,3293.865251000254,3310.833564474918,28164643778.98063,3310.833564474918
2025-01-10 13:00:00+00:00,3310.7501955328394,3316.0316763734436,3218.4588575471716,3249.031666096363,29446008428.93641,3249.031666096363
2025-01-10 14:00:00+00:00,3250.3575154545397,3278.0338514541336,3237.1527184867623,3258.476772741594,29502041669.700027,3258.476772741594
2025-01-10 15:00:00+00:00,3258.5695201036774,3274.6778361981947,3195.9431031118074,3245.222329670277,30461626393.78112,3245.222329670277
2025-01-10 16:00:00+00:00,3244.9495257127387,3259.7072596419202,3233.1244810825524,3249.5779108058105,30521133456.586636,3249.5779108058105
2025-01-10 17:00:00+00:00,3250.31630072409,3319.2960933119516,3243.2535838203785,3316.7242933042908,30859478784.82644,3316.7242933042908
2025-01-10 18:00:00+00:00,3316.5333786956608,3317.1726548231986,3282.3130961301144,3287.5847388545585,31096792595.445675,3287.5847388545585
2025-01-10 19:00:00+00:00,3287.36569165145,3298.7948363154565,3270.833501945224,3297.452752569068,30740395615.246925,3297.452752569068
2025-01-10 20:00:00+00:00,3298.2098547754144,3297.9369431447153,3259.7759787642913,3267.0335431691046,28447755851.306293,3267.0335431691046
2025-01-10 21:00:00+00:00,3267.6277562774453,3273.051796850664,3258.6164501874896,3265.8392968069625,27809836847.882427,3265.8392968069625
2025-01-10 22:00:00+00:00,3266.192738302367,3280.8056114298224,3260.285804688866,3270.6736441854837,26879437376.761078,3270.6736441854837
2025-01-10 23:00:00+00:00,3272.592015114924,3274.009500407124,3266.0166622711586,3267.9118553878084,26507266692.61947,3267.9118553878084
2025-01-11 00:00:00+00:00,3267.9443793706564,3268.9776606285322,3258.2243797377046,3264.3466675700433,26192197218.488888,3264.3466675700433
2025-01-11 01:00:00+00:00,3264.808235294015,3266.979263410719,3238.9180157535675,3243.1701213422543,25830490183.577354,3243.1701213422543
2025-01-11 02:00:00+00:00,3244.309446399382,3251.324990731289,3237.8081862921867,3249.149330823592,25380464949.04517,3249.149330823592
2025-01-11 03:00:00+00:00,3249.2627368855565,3248.9654184591295,3233.1328856975465,3236.4995432186693,25401350291.782604,3236.4995432186693
2025-01-11 04:00:00+00:00,3236.386952309073,3241.4428222486886,3229.9524210942704,3238.8983126681655,24926964888.015053,3238.8983126681655
2025-01-11 05:00:00+00:00,3239.1315657869723,3245.846130586133,3233.8274318484278,3244.460111625073,24515576536.59864,3244.460111625073
2025-01-11 06:00:00+00:00,3245.1252789960813,3248.727099349753,3241.6468602527884,3242.2448999503235,24265343834.039886,3242.2448999503235
2025-01-11 07:00:00+00:00,3242.757241120268,3243.1553766533452,3225.6789282254827,3233.5019196969115,23862538756.02338,3233.5019196969115
2025-01-11 08:00:00+00:00,3233.886397407342,3238.285187167047,3219.79778005227,3224.08795090456,23265199957.272076,3224.08795090456
2025-01-11 09:00:00+00:00,3224.6948615281876,3241.3254924675953,3223.7580620046683,3241.3254924675953,23218060882.500584,3241.3254924675953
2025-01-11 10:00:00+00:00,3241.8064581255235,3253.8235829483747,3241.312321653391,3253.2612436945656,22909506894.126823,3253.2612436945656
2025-01-11 11:00:00+00:00,3253.6699082664536,3277.8111308557427,3253.3034494721032,3274.164535639216,22775428209.67101,3274.164535639216
2025-01-11 12:00:00+00:00,3274.681289892864,3278.6665799426655,3268.6461824212793,3271.6119801122563,22602286760.350582,3271.6119801122563
2025-01-11 13:00:00+00:00,3272.1538020406015,3273.7617479356363,3258.285869996933,3266.263060007211,19769793488.048714,3266.263060007211
2025-01-11 14:00:00+00:00,3266.659515299288,3277.789786668241,3258.4114216206585,3277.789786668241,17894141393.71349,3277.789786668241
2025-01-11 15:00:00+00:00,3278.418398146865,3280.095528287529,3266.5973655772245,3269.1490202511677,15610790231.772709,3269.1490202511677
2025-01-11 16:00:00+00:00,3269.877443698472,3276.226192987103,3262.0198254817064,3275.083946720724,14735538637.890863,3275.083946720724
2025-01-11 17:00:00+00:00,3275.9787602211613,3275.0774681409607,3259.58580801536,3268.038996928558,13525690452.119658,3268.038996928558
2025-01-11 18:00:00+00:00,3268.4085272989773,3278.0363133556566,3265.9578060562267,3278.0363133556566,12466210990.395636,3278.0363133556566
2025-01-11 19:00:00+00:00,3278.293380844436,3280.9317899651132,3268.12787797159,3276.7857482951194,11951603599.629215,3276.7857482951194
2025-01-11 20:00:00+00:00,3276.843576312469,3298.39808364387,3274.936417327117,3296.8824546332435,11652603857.456322,3296.8824546332435
2025-01-11 21:00:00+00:00,3297.6659032420825,3317.7591325570575,3296.8987209676193,3306.1565887970273,11779964689.977081,3306.1565887970273
2025-01-11 22:00:00+00:00,3307.0788125779495,3306.7651812633,3286.1537960014803,3289.7659508366655,11765394174.210337,3289.7659508366655
2025-01-11 23:00:00+00:00,3290.5221226622966,3292.616059169472,3281.6974004149256,3282.4034487824038,11772810697.543001,3282.4034487824038
2025-01-12 00:00:00+00:00,3282.3361774354,3285.3325541503386,3278.584594484382,3281.7645790705656,11670881421.2264,3281.7645790705656
2025-01-12 01:00:00+00:00,3281.9292479549463,3287.3085794794074,3274.0087992097647,3287.3085794794074,11504222469.390232,3287.3085794794074
2025-01-12 02:00:00+00:00,3287.2472738537244,3288.0710345602693,3278.9065313395818,3287.0186758394602,11365939533.417288,3287.0186758394602
2025-01-12 03:00:00+00:00,3286.8339951208395,3289.126095906256,3277.65408000854,3283.0833061544604,11267137789.033476,3283.0833061544604
2025-01-12 04:00:00+00:00,3283.0505665090695,3287.530653194125,3279.543296712651,3281.211447805832,11210587415.324154,3281.211447805832
2025-01-12 05:00:00+00:00,3281.2429840492123,3283.4949577900015,3274.414179645632,3277.957828837436,11176740249.291847,3277.957828837436
2025-01-12 06:00:00+00:00,3277.837728721279,3279.4624920218325,3267.5980557541598,3270.5744584981853,11151588146.722836,3270.5744584981853
2025-01-12 07:00:00+00:00,3270.896274709572,3271.8045625697905,3262.6721300280215,3265.5971532871913,11025590253.156967,3265.5971532871913
2025-01-12 08:00:00+00:00,3265.217990353392,3270.092293007362,3235.1831029810514,3237.320707306737,11143622304.69456,3237.320707306737
2025-01-12 09:00:00+00:00,3237.328167524515,3243.5460028308858,3224.477010664484,3238.108376508569,11203505817.760723,3238.108376508569
2025-01-12 10:00:00+00:00,3238.2416233986287,3245.131302311277,3233.874741251745,3244.4743686425772,11206741838.794619,3244.4743686425772
2025-01-12 11:00:00+00:00,3244.1257976138077,3256.400364331289,3241.3846219771317,3252.6079716204317,10819500450.95357,3252.6079716204317
2025-01-12 12:00:00+00:00,3252.3738286820967,3264.2306211965065,3247.517433382431,3250.7953610829563,10740150352.846998,3250.7953610829563
2025-01-12 13:00:00+00:00,3250.567092730741,3268.142564447261,3248.0821101139704,3265.6347483475497,10863378849.881615,3265.6347483475497
2025-01-12 14:00:00+00:00,3265.779936218454,3278.023625344822,3264.6473934411883,3267.206509447199,11141618844.191431,3267.206509447199
2025-01-12 15:00:00+00:00,3267.4195789738596,3292.593262715475,3265.431200265226,3285.3877648932357,11435404806.937084,3285.3877648932357
2025-01-12 16:00:00+00:00,3285.1914094426033,3286.067947839776,3268.7743444895395,3278.9300463133604,11465486756.076807,3278.9300463133604
2025-01-12 17:00:00+00:00,3278.91157810507,3290.1756884005936,3278.7191482242642,3287.6772984575477,11510502638.500938,3287.6772984575477
2025-01-12 18:00:00+00:00,3287.663086885447,3298.4564914858775,3280.0847426753653,3283.032485610401,11568293881.114681,3283.032485610401
2025-01-12 19:00:00+00:00,3283.1009356376817,3286.9318778857223,3275.755726253518,3277.5722889209596,11538598773.929604,3277.5722889209596
2025-01-12 20:00:00+00:00,3277.2944527037075,3287.1250301219648,3273.119023900617,3279.380320479686,11430420275.22951,3279.380320479686
2025-01-12 21:00:00+00:00,3279.165392462947,3280.2474963597924,3263.199429487736,3265.2622599287906,11212095657.402552,3265.2622599287906
2025-01-12 22:00:00+00:00,3265.0255592115773,3266.3169229511273,3233.839110187884,3237.1670458777976,11476789933.515741,3237.1670458777976
2025-01-12 23:00:00+00:00,3236.9857778869964,3267.182377555402,3235.946709135723,3266.242596608998,11648782971.283705,3266.242596608998
2025-01-13 00:00:00+00:00,3266.3868208195477,3334.4084104381536,3264.5872690078136,3308.0646474365235,12802159106.35126,3308.0646474365235
2025-01-13 01:00:00+00:00,3308.823400464659,3309.528675743464,3252.9909276708227,3258.344980805022,13485237596.638506,3258.344980805022
2025-01-13 02:00:00+00:00,3258.5795611460244,3268.839117333592,3238.03449813904,3255.9631781771304,14269725088.740612,3255.9631781771304
2025-01-13 03:00:00+00:00,3256.4585367261825,3265.535600220137,3236.0521864216535,3240.7840737679544,14598182829.9655,3240.7840737679544
2025-01-13 04:00:00+00:00,3241.539992366972,3258.1627871551837,3237.936522498583,3237.316453658233,15002155547.346579,3237.316453658233
2025-01-13 05:00:00+00:00,3238.5548806622905,3238.320359825986,3212.996920498642,3223.1709452848336,15513380407.12372,3223.1709452848336
2025-01-13 06:00:00+00:00,3223.86110766816,3230.172494415913,3181.067689338806,3188.6597040926267,16057264045.726072,3188.6597040926267
2025-01-13 07:00:00+00:00,3189.0203548065942,3207.422812402956,3182.80886362725,3197.3875533001956,16533996761.937086,3197.3875533001956
2025-01-13 08:00:00+00:00,3197.981498845302,3203.37067674548,3162.3136871383863,3169.955322721088,16954762896.869366,3169.955322721088
2025-01-13 09:00:00+00:00,3170.389422351927,3173.5082406391143,3133.5838515584173,3152.708152665314,17927918063.81889,3152.708152665314
2025-01-13 10:00:00+00:00,3152.6796395195393,3154.2094315045915,3104.9062296615825,3119.385973149256,19135378355.212574,3119.385973149256
2025-01-13 11:00:00+00:00,3119.239082766883,3120.445081091708,3052.490215466463,3053.2380701459633,20908670754.207558,3053.2380701459633
2025-01-13 12:00:00+00:00,3054.031900429363,3080.3917806799845,3037.741861520028,3050.3922580783083,22612419480.53365,3050.3922580783083
2025-01-13 13:00:00+00:00,3050.1240774319194,3085.9418940663604,3031.3138176145744,3058.604129366327,23793796276.101982,3058.604129366327
2025-01-13 14:00:00+00:00,3059.1117479850277,3059.261814843401,2919.972655915202,3035.124042029021,28377252623.238037,3035.124042029021
2025-01-13 15:00:00+00:00,3035.1013444833284,3074.7240999169317,3024.782939433169,3053.416548921683,31081348604.257256,3053.416548921683
2025-01-13 16:00:00+00:00,3053.8418618333717,3057.078365186146,3008.2694103998397,3008.2694103998397,32475743114.670094,3008.2694103998397
2025-01-13 17:00:00+00:00,3006.9802093421786,3034.3491440641865,3004.783139433842,3018.283797889599,33639833876.497288,3018.283797889599
2025-01-13 18:00:00+00:00,3018.3495993674237,3032.0062363030534,2985.1665134672735,3006.603461210395,34968980657.35001,3006.603461210395
2025-01-13 19:00:00+00:00,3006.544458517686,3035.5840102948628,2992.6588970315,3026.827581375258,36229944832.76997,3026.827581375258
2025-01-13 20:00:00+00:00,3027.0061989030523,3101.691375508274,3010.65636533672,3092.808874108227,37798343956.53084,3092.808874108227
2025-01-13 21:00:00+00:00,3093.9984786389623,3118.5092953823228,3084.392823524794,3112.7773077827374,39462147418.45486,3112.7773077827374
2025-01-13 22:00:00+00:00,3113.274777281759,3141.7615199411553,3111.9045865556095,3128.0881975989323,40333692925.35382,3128.0881975989323
2025-01-13 23:00:00+00:00,3128.5223716097908,3138.8564858447558,3125.604934851285,3135.5328077877016,39912163942.04075,3135.5328077877016
2025-01-14 00:00:00+00:00,3135.7033696567555,3146.839228778063,3126.5961947140986,3132.4701065291197,39995057742.7076,3132.4701065291197
2025-01-14 01:00:00+00:00,3132.505290748597,3158.1864571171864,3131.809670958025,3136.879440082904,39279333128.93089,3136.879440082904
2025-01-14 02:00:00+00:00,3136.9525490906717,3164.6822604150234,3132.0932357172646,3156.6254702518504,39719259050.980095,3156.6254702518504
2025-01-14 03:00:00+00:00,3156.4295664195533,3172.899687440505,3154.3729542297083,3159.1672586763657,39145490019.62418,3159.1672586763657
2025-01-14 04:00:00+00:00,3159.0810506524294,3173.542753017016,3158.491189184953,3171.944213447991,39030216556.10807,3171.944213447991
2025-01-14 05:00:00+00:00,3172.318799469145,3180.91909871239,3159.6838964178937,3159.879883078421,38769700520.165535,3159.879883078421
2025-01-14 06:00:00+00:00,3159.719196700364,3185.68130265098,3157.186641136597,3180.656762744641,38459520280.73275,3180.656762744641
2025-01-14 07:00:00+00:00,3180.1389602763643,3188.5280238717564,3172.1297439449118,3172.1297439449118,38130084168.87504,3172.1297439449118
2025-01-14 08:00:00+00:00,3171.309372296768,3190.192434465358,3169.208276036332,3184.180298765601,37926083749.10658,3184.180298765601
2025-01-14 09:00:00+00:00,3184.424020855348,3254.8706384741477,3178.368422642287,3243.5377543916325,38144459256.50059,3243.5377543916325
2025-01-14 10:00:00+00:00,3243.8701537111415,3244.023384354295,3220.735471581126,3231.223764226148,37317167043.90591,3231.223764226148
2025-01-14 11:00:00+00:00,3230.5208345840983,3234.119980138414,3210.8268289000002,3216.2854367242603,35648645766.61855,3216.2854367242603
2025-01-14 12:00:00+00:00,3216.0473699283752,3218.1317839164144,3180.1870689894513,3182.941759623009,34326856087.88581,3182.941759623009
2025-01-14 13:00:00+00:00,3182.7407261878634,3229.6933559263884,3178.3290724421995,3207.3303952880456,35005736563.348625,3207.3303952880456
2025-01-14 14:00:00+00:00,3208.4141670924023,3230.689149724031,3188.1152880296963,3188.6596220022557,30838289326.0494,3188.6596220022557
2025-01-14 15:00:00+00:00,3188.293677346238,3213.2629016070446,3187.9664931182097,3201.1740808357144,28932645250.669918,3201.1740808357144
2025-01-14 16:00:00+00:00,3200.6128096200864,3201.4526712576558,3172.7890921484063,3190.8134022004774,28098415777.913784,3190.8134022004774
2025-01-14 17:00:00+00:00,3191.8202933062453,3210.226742314407,3183.738973563431,3209.383195538653,27356159220.609577,3209.383195538653
2025-01-14 18:00:00+00:00,3208.555307294525,3230.2171189348387,3206.4685122808046,3227.343393063487,26549251899.70631,3227.343393063487
2025-01-14 19:00:00+00:00,3226.9447789081846,3232.8515142908614,3213.100048715791,3213.8202861909353,25752839228.685974,3213.8202861909353
2025-01-14 20:00:00+00:00,3213.453598185339,3224.5046490390423,3195.5381365611142,3218.0278175793605,25000497754.37309,3218.0278175793605
2025-01-14 21:00:00+00:00,3218.9499146564285,3231.658359986861,3212.2447578901483,3213.1847824508936,23547161896.698254,3213.1847824508936
2025-01-14 22:00:00+00:00,3213.507744288026,3238.2685268061446,3213.3956098052317,3237.0183637443015,22998137985.189827,3237.0183637443015
2025-01-14 23:00:00+00:00,3238.5206635615586,3238.2267616206805,3222.1886333913767,3223.373801247714,22845534242.126987,3223.373801247714
2025-01-15 00:00:00+00:00,3223.3738605821163,3241.1836243381667,3218.0131505561003,3222.2631284547883,22719770241.373844,3222.2631284547883
2025-01-15 01:00:00+00:00,3222.2173158452156,3242.5310010786684,3218.1866228045756,3234.484824297704,22827362291.612453,3234.484824297704
2025-01-15 02:00:00+00:00,3234.2832521872833,3237.8409246722595,3205.8008000207574,3216.5886646886856,22908602077.922348,3216.5886646886856
2025-01-15 03:00:00+00:00,3215.729153075452,3238.2183901431245,3208.5490598561637,3237.0903673910484,23262500572.435333,3237.0903673910484
2025-01-15 04:00:00+00:00,3236.7122464345443,3249.447289395311,3221.765914522439,3226.3379460138813,23159523515.7403,3226.3379460138813
2025-01-15 05:00:00+00:00,3225.968886615373,3233.893003043736,3215.7703073188704,3229.1212754793664,23094726480.150063,3229.1212754793664
2025-01-15 06:00:00+00:00,3228.971849979894,3230.6642982315043,3215.917975006892,3228.245958813077,23016814964.208385,3228.245958813077
2025-01-15 07:00:00+00:00,3227.2772198168946,3248.918854683769,3227.970230575853,3231.896857191412,23407849231.485806,3231.896857191412
2025-01-15 08:00:00+00:00,3231.1492755394825,3246.215976551735,3230.180321987735,3231.2599023067864,22984153001.540543,3231.2599023067864
2025-01-15 09:00:00+00:00,3230.8210504526132,3236.845973132108,3196.7340887994305,3198.6926654193157,22002578678.880207,3198.6926654193157
2025-01-15 10:00:00+00:00,3198.227949447368,3216.960332472965,3198.700642498852,3207.7529999128956,21634353076.857906,3207.7529999128956
2025-01-15 11:00:00+00:00,3207.798392752199,3208.6718816483594,3186.639765072379,3198.503902797649,21598485799.73437,3198.503902797649
2025-01-15 12:00:00+00:00,3197.8077503999157,3210.2928343565377,3186.257839520788,3200.132822227071,21491805123.866184,3200.132822227071
2025-01-15 13:00:00+00:00,3200.155818460408,3295.064785612921,3200.1553634399443,3295.064785612921,21678720444.351826,3295.064785612921
2025-01-15 14:00:00+00:00,3294.783203591468,3325.962961924866,3276.618774391652,3325.962961924866,22173846023.273975,3325.962961924866
2025-01-15 15:00:00+00:00,3326.525084591187,3352.4483882753543,3325.629384089006,3334.935917197492,23140401670.724163,3334.935917197492
2025-01-15 16:00:00+00:00,3336.4803504731904,3365.465266405286,3334.5029982693677,3341.617245514867,23313560526.269276,3341.617245514867
2025-01-15 17:00:00+00:00,3341.769580445563,3358.644170406869,3327.0594638396924,3327.6623704152444,23290008305.427486,3327.6623704152444
2025-01-15 18:00:00+00:00,3327.2622420120756,3373.9655249023594,3326.0039149622257,3373.1669920951704,23315497685.95188,3373.1669920951704
2025-01-15 19:00:00+00:00,3373.0454175931814,3441.6255638758703,3370.464564531246,3439.7219074507307,24198965645.342655,3439.7219074507307
2025-01-15 20:00:00+00:00,3439.4341571236637,3473.2572573236976,3434.2058081380533,3437.152356103893,25169332711.46028,3437.152356103893
2025-01-15 21:00:00+00:00,3436.3230544412863,3446.809979800671,3427.418153941875,3433.104915071539,25439935774.223763,3433.104915071539
2025-01-15 22:00:00+00:00,3433.306797850858,3436.347774861886,3419.6287153256712,3430.069443616672,25617175786.88963,3430.069443616672
2025-01-15 23:00:00+00:00,3429.628439619278,3452.1919703712406,3422.805505032923,3450.837381539274,25993872710.216293,3450.837381539274
2025-01-16 00:00:00+00:00,3450.604979714479,3458.6649799156844,3389.500704479856,3401.906186487495,26768726180.499588,3401.906186487495
2025-01-16 01:00:00+00:00,3402.8374257236214,3412.6441141315304,3395.375492953631,3404.366392338534,26639941186.16714,3404.366392338534
2025-01-16 02:00:00+00:00,3404.286607212368,3404.2629328625276,3381.8175114863607,3386.2207956234024,26286436951.58162,3386.2207956234024
2025-01-16 03:00:00+00:00,3386.1457790509135,3386.352446610422,3348.521128541413,3363.0938329062265,26511207667.559917,3363.0938329062265
2025-01-16 04:00:00+00:00,3363.1324442661858,3374.3246033657992,3361.613456352789,3372.750751458386,26341210570.966545,3372.750751458386
2025-01-16 05:00:00+00:00,3372.73211287462,3375.634538118097,3365.933671665554,3367.913251736211,26217397440.858536,3367.913251736211
2025-01-16 06:00:00+00:00,3368.292276219258,3386.48824799199,3364.4954487307223,3379.06240227054,26293627028.846676,3379.06240227054
2025-01-16 07:00:00+00:00,3379.3362010722617,3388.309189978325,3378.3642626543055,3383.658016896641,26281322175.29414,3383.658016896641
2025-01-16 08:00:00+00:00,3382.9591803452536,3384.277401164766,3303.4616667996274,3319.208795705509,27085915424.62282,3319.208795705509
2025-01-16 09:00:00+00:00,3319.412441158362,3335.711356358331,3301.7534068119494,3335.0297554009076,27596431827.247852,3335.0297554009076
2025-01-16 10:00:00+00:00,3335.0002675606665,3341.8336698349312,3329.3933587823076,3334.497681290265,27574844654.335495,3334.497681290265
2025-01-16 11:00:00+00:00,3334.542838998977,3354.7669170332792,3323.3331395034133,3352.3029304612755,27863571246.860695,3352.3029304612755
2025-01-16 12:00:00+00:00,3352.5573997766815,3362.743978195563,3342.348359288695,3360.8940120664747,28359817239.128273,3360.8940120664747
2025-01-16 13:00:00+00:00,3360.3716040648205,3360.466783929684,3313.7264536685807,3328.7634487873897,27806617713.47398,3328.7634487873897
2025-01-16 14:00:00+00:00,3328.1677909398127,3340.5200456912567,3266.027968729691,3279.9735985188368,27668987923.93802,3279.9735985188368
2025-01-16 15:00:00+00:00,3279.5770586263293,3325.7624721620364,3271.059025946764,3325.7624721620364,27617336309.08879,3325.7624721620364
2025-01-16 16:00:00+00:00,3326.9821462260334,3359.9735704324603,3327.172561795958,3338.9621995848015,27832370731.557785,3338.9621995848015
2025-01-16 17:00:00+00:00,3338.891625913606,3362.1154244892195,3332.191978026241,3347.010655776379,27962362728.044456,3347.010655776379
2025-01-16 18:00:00+00:00,3346.9309092213957,3349.2729491064633,3311.8083454246835,3325.733473613373,28008120175.84971,3325.733473613373
2025-01-16 19:00:00+00:00,3325.794092407208,3345.3499964726866,3321.00010626422,3345.2033762483816,27216818934.586773,3345.2033762483816
2025-01-16 20:00:00+00:00,3345.5217819954287,3351.9512354674844,3326.0837968176033,3335.929971053037,26432192118.9307,3335.929971053037
2025-01-16 21:00:00+00:00,3335.9030443008537,3338.734378306674,3312.3902024752633,3320.1995889257832,26221088182.115,3320.1995889257832
2025-01-16 22:00:00+00:00,3319.4868310142283,3319.4316270155064,3270.3777496688917,3296.0120651629013,26235533570.588123,3296.0120651629013
2025-01-16 23:00:00+00:00,3295.8895203639663,3310.7242414263555,3290.2555694711855,3308.2198621764715,26394515920.693752,3308.2198621764715
2025-01-17 00:00:00+00:00,3308.0656706152827,3317.8443241800155,3307.185603281005,3313.037859980919,25362085867.842785,3313.037859980919
2025-01-17 01:00:00+00:00,3313.1597676330607,3387.2478006241386,3312.871870099928,3387.2478006241386,26328051495.531002,3387.2478006241386
2025-01-17 02:00:00+00:00,3386.964212869871,3395.1863122984687,3356.417481165347,3371.0927446555693,27376117387.394073,3371.0927446555693
2025-01-17 03:00:00+00:00,3370.3833852024627,3376.6123626027074,3358.208223645127,3358.2517147973367,27039228218.702225,3358.2517147973367
2025-01-17 04:00:00+00:00,3357.6454004032566,3370.4562920958424,3348.415134309123,3369.281948611355,27151571674.550888,3369.281948611355
2025-01-17 05:00:00+00:00,3368.672006629493,3373.9545098028398,3358.9394538040665,3365.9810302244014,27752784931.38352,3365.9810302244014
2025-01-17 06:00:00+00:00,3366.13245134699,3374.3630397319753,3364.6847246281254,3365.764571796408,27746241777.362434,3365.764571796408
2025-01-17 07:00:00+00:00,3365.92707056034,3384.6440880296122,3362.436146139422,3371.9810306171457,28039544452.66661,3371.9810306171457
2025-01-17 08:00:00+00:00,3370.8221139957177,3411.9409943452647,3371.694203077323,3406.3832675801427,27463044025.43976,3406.3832675801427
2025-01-17 09:00:00+00:00,3406.186236099101,3412.487599460571,3401.357257084402,3404.017655981667,27272947622.60554,3404.017655981667
2025-01-17 10:00:00+00:00,3403.458416326386,3436.5281350277864,3403.1280520876394,3424.9592621849424,27748500309.018627,3424.9592621849424
2025-01-17 11:00:00+00:00,3424.764476188553,3429.262675224891,3417.1543916455716,3421.8724556410966,27855851949.37387,3421.8724556410966
2025-01-17 12:00:00+00:00,3421.444358950662,3425.0836697227187,3401.8563695121534,3407.424117732967,27418451187.734215,3407.424117732967
2025-01-17 13:00:00+00:00,3407.3176223421406,3422.222277837233,3396.9241047805635,3401.418531513606,26614255971.25754,3401.418531513606
2025-01-17 14:00:00+00:00,3400.819556517166,3432.83426490308,3401.402467105723,3427.5845957790825,26308868296.937073,3427.5845957790825
2025-01-17 15:00:00+00:00,3425.9483024176097,3450.0815730422523,3406.8343829146947,3421.727018596834,26283659254.399437,3421.727018596834
2025-01-17 16:00:00+00:00,3420.2978745941277,3448.4810177508934,3412.8473130714465,3441.304124767909,26190191872.63534,3441.304124767909
2025-01-17 17:00:00+00:00,3440.773689740348,3443.9506689560826,3410.777854274625,3414.6689994371955,26191153777.904716,3414.6689994371955
2025-01-17 18:00:00+00:00,3414.354950085244,3429.9903141048253,3412.3619524461,3413.2811750202695,26063382824.2586,3413.2811750202695
2025-01-17 19:00:00+00:00,3412.4526400147215,3444.7930351469495,3412.854394330227,3434.6742062088288,26365582845.37442,3434.6742062088288
2025-01-17 20:00:00+00:00,3434.225806786353,3525.9123570370693,3429.384309836246,3506.1972681001726,28185737607.371395,3506.1972681001726
2025-01-17 21:00:00+00:00,3505.6141384708303,3524.6593831035752,3469.9101451232864,3474.9770503187788,28849890115.549328,3474.9770503187788
2025-01-17 22:00:00+00:00,3474.2285200972615,3487.7337741217143,3470.141379320642,3473.8201912479003,28866167545.683304,3473.8201912479003
2025-01-17 23:00:00+00:00,3473.2519229156906,3484.8930465315148,3467.246713335256,3474.6847117703405,28204894424.119175,3474.6847117703405
2025-01-18 00:00:00+00:00,3474.1411097747273,3494.035517015211,3470.9373035445637,3489.434323483061,28261975012.399067,3489.434323483061
2025-01-18 01:00:00+00:00,3489.188087414677,3489.5823748561143,3458.0413307103904,3467.9024927227297,27284278722.211105,3467.9024927227297
2025-01-18 02:00:00+00:00,3468.3538622953283,3475.3031282851366,3449.9200687960115,3451.079813742779,26142798766.494934,3451.079813742779
2025-01-18 03:00:00+00:00,3450.5733209625005,3454.980746463704,3371.9637985362315,3387.4423131638277,27067350989.95088,3387.4423131638277
2025-01-18 04:00:00+00:00,3387.7802116475327,3393.2759605411215,3352.319997019548,3365.7984699375293,27894658155.837055,3365.7984699375293
2025-01-18 05:00:00+00:00,3366.037360771487,3368.070001535643,3291.3864474441875,3294.0570946307475,28563150679.705013,3294.0570946307475
2025-01-18 06:00:00+00:00,3294.9488476013044,3337.5312226072556,3293.182531189724,3314.4368906408704,29698061174.009476,3314.4368906408704
2025-01-18 07:00:00+00:00,3314.2235160073546,3314.4056379293115,3280.628188350469,3289.7013289244032,30283454211.937645,3289.7013289244032
2025-01-18 08:00:00+00:00,3289.9710243980935,3293.7499828559835,3253.8106766616975,3290.811523343145,30929233254.85345,3290.811523343145
2025-01-18 09:00:00+00:00,3290.6821505376297,3298.59082539196,3252.829147447334,3268.0001287211885,31239149218.35315,3268.0001287211885
2025-01-18 10:00:00+00:00,3268.154598271611,3275.299387607814,3228.8927925507837,3266.8784662055377,32188899583.366623,3266.8784662055377
2025-01-18 11:00:00+00:00,3267.5097184490814,3320.6311678941715,3248.7973884004787,3316.3653553825666,33154021849.642647,3316.3653553825666
2025-01-18 12:00:00+00:00,3313.1565565770743,3319.3072291758776,3273.8135825645045,3289.9957518692663,33612160210.729725,3289.9957518692663
2025-01-18 13:00:00+00:00,3289.9152345490684,3318.008962265213,3279.0652930831725,3318.008962265213,33947589514.84837,3318.008962265213
2025-01-18 14:00:00+00:00,3318.77812703976,3323.4564127476865,3290.0906442658165,3297.684838185838,33177987975.31942,3297.684838185838
2025-01-18 15:00:00+00:00,3297.5670319573574,3340.571044240158,3285.7228521054294,3309.2907543943047,33128118875.709316,3309.2907543943047
2025-01-18 16:00:00+00:00,3309.6440918868097,3313.5137365325136,3261.5117836536097,3261.9631027177174,34104576172.974438,3261.9631027177174
2025-01-18 17:00:00+00:00,3262.6695983913023,3281.0771742571683,3252.9890161050903,3260.6992783837704,34271408988.852844,3260.6992783837704
2025-01-18 18:00:00+00:00,3262.2803181272056,3280.3975638827933,3248.74938541191,3261.432693494606,34600702894.15448,3261.432693494606
2025-01-18 19:00:00+00:00,3262.2199559062346,3289.3631274054173,3260.0776954381486,3284.994165816184,34614859591.3585,3284.994165816184
2025-01-18 20:00:00+00:00,3285.556727932206,3288.0420293992584,3255.9359420398473,3261.8569024603767,32804682496.55771,3261.8569024603767
2025-01-18 21:00:00+00:00,3261.955417284498,3281.492904450817,3261.7614077924927,3270.0910790113944,32085171027.096046,3270.0910790113944
2025-01-18 22:00:00+00:00,3270.355421143102,3284.7439372752515,3269.828297425747,3279.3089247165635,31977081924.507965,3279.3089247165635
2025-01-18 23:00:00+00:00,3279.5101642952063,3315.9624603237758,3278.148444011293,3305.757222008627,32419776596.555866,3305.757222008627
2025-01-19 00:00:00+00:00,3305.3656047650024,3319.005172113039,3296.095955229896,3313.957977513451,32711240650.547123,3313.957977513451
2025-01-19 01:00:00+00:00,3314.2851290678027,3360.799093054373,3311.421951770403,3348.872024107366,33848968991.690765,3348.872024107366
2025-01-19 02:00:00+00:00,3348.9015737232194,3373.781925661506,3345.4470568214233,3353.065632245689,34012428286.96251,3353.065632245689
2025-01-19 03:00:00+00:00,3351.811345235214,3361.620084556375,3331.0133407729204,3335.668971713101,33253970613.925877,3335.668971713101
2025-01-19 04:00:00+00:00,3335.084958661518,3335.335937725991,3276.5679292083382,3281.325140595557,33448348029.137783,3281.325140595557
2025-01-19 05:00:00+00:00,3279.954795409015,3296.4531246339193,3256.423609171469,3293.6080489661895,32856079708.657066,3293.6080489661895
2025-01-19 06:00:00+00:00,3294.9817690568416,3296.7991792197568,3282.871391021307,3283.7053552642583,32044731050.741245,3283.7053552642583
2025-01-19 07:00:00+00:00,3283.38998237742,3288.337071667036,3258.99194430452,3270.1279800917246,31902347086.47384,3270.1279800917246
2025-01-19 08:00:00+00:00,3270.1020635963846,3271.813748431953,3212.3505598594743,3217.759990535445,31887916589.516247,3217.759990535445
2025-01-19 09:00:00+00:00,3217.7112786152093,3227.617307089444,3143.643125735769,3219.9510739963785,34149260893.717274,3219.9510739963785
2025-01-19 10:00:00+00:00,3220.4639199417425,3222.120682441854,3170.8052755156314,3172.4997693362966,34333768734.624073,3172.4997693362966
2025-01-19 11:00:00+00:00,3170.9293525113267,3181.794644409023,3127.7067889900554,3146.908748599857,34442709610.48053,3146.908748599857
2025-01-19 12:00:00+00:00,3147.1548289085467,3202.5659082296092,3143.646311483866,3202.1935499809383,35043900644.86276,3202.1935499809383
2025-01-19 13:00:00+00:00,3203.656843664496,3261.713926645014,3191.425406470367,3261.713926645014,36092456354.979706,3261.713926645014
2025-01-19 14:00:00+00:00,3260.14836869031,3390.5197513847106,3258.3336649679873,3379.255735508338,42611271769.22485,3379.255735508338
2025-01-19 15:00:00+00:00,3379.6406931237902,3416.376272648922,3357.391204465485,3382.3390851253885,44389943805.14805,3382.3390851253885
2025-01-19 16:00:00+00:00,3382.5451303738328,3418.1360356936884,3374.575725931019,3407.7887934262208,44210507425.020996,3407.7887934262208
2025-01-19 17:00:00+00:00,3409.278247719213,3441.725829310272,3385.513612609161,3440.521044035241,45211490074.110146,3440.521044035241
2025-01-19 18:00:00+00:00,3439.754840106886,3444.2474940674283,3403.2434934158177,3425.728277039221,45424214717.94763,3425.728277039221
2025-01-19 19:00:00+00:00,3425.0569171545094,3429.0993243086036,3404.186905250783,3410.7412769195753,45524907612.75953,3410.7412769195753
2025-01-19 20:00:00+00:00,3410.534167848904,3427.1234467577738,3365.476756103252,3372.657615913287,46141187110.21322,3372.657615913287
2025-01-19 21:00:00+00:00,3372.5670815204444,3374.498947408133,3209.51544044275,3221.6586237925376,49925515514.41839,3221.6586237925376
2025-01-19 22:00:00+00:00,3221.314542394047,3303.619152719335,3162.32574599683,3254.938686951758,54053034431.71978,3254.938686951758
2025-01-19 23:00:00+00:00,3258.9212449515803,3261.431406369485,3158.0575627411267,3205.183347178738,57175427823.147766,3205.183347178738
2025-01-20 00:00:00+00:00,3205.1528363726675,3217.5579542750215,3146.0067374262317,3173.2513739388905,60038347250.592674,3173.2513739388905
2025-01-20 01:00:00+00:00,3169.827442893767,3213.5193638177693,3165.332394576382,3191.9859176885834,62028976207.318886,3191.9859176885834
2025-01-20 02:00:00+00:00,3189.1531611307546,3268.187697539225,3191.7957124536943,3248.501107536514,62989426846.12092,3248.501107536514
2025-01-20 03:00:00+00:00,3244.220452380445,3273.6741962724077,3226.5051011811524,3264.2607165394875,63587886974.35417,3264.2607165394875
2025-01-20 04:00:00+00:00,3260.435631225637,3292.834080027495,3248.9183601391956,3270.399591302001,63092978997.54211,3270.399591302001
2025-01-20 05:00:00+00:00,3267.9225051031844,3311.9175273209353,3265.761232408554,3285.106822646799,63384715698.835365,3285.106822646799
2025-01-20 06:00:00+00:00,3281.7780237644793,3444.6595453228574,3284.793629774117,3400.4246097755245,66119030692.93096,3400.4246097755245
2025-01-20 07:00:00+00:00,3396.182787240171,3435.2448782195897,3349.6077347291834,3377.0215203052453,68854018382.1285,3377.0215203052453
2025-01-20 08:00:00+00:00,3372.462738313971,3404.1810784549657,3369.108660332624,3387.486746887832,68636739728.45592,3387.486746887832
2025-01-20 09:00:00+00:00,3382.614205337887,3406.857712025915,3350.8699695957916,3361.751920528259,66844552059.89623,3361.751920528259
2025-01-20 10:00:00+00:00,3357.731458735224,3386.566280255986,3337.31273537119,3347.3641908444006,66740097763.25595,3347.3641908444006
2025-01-20 11:00:00+00:00,3345.073198637665,3382.141313024837,3332.1369340148617,3372.495503402528,65593888521.22151,3372.495503402528
2025-01-20 12:00:00+00:00,3369.406716911663,3373.356521097159,3259.9016806524896,3299.973436614095,66065810149.05878,3299.973436614095
2025-01-20 13:00:00+00:00,3295.96992580817,3348.234018915037,3293.4492974817986,3335.4245810824787,66180421660.59727,3335.4245810824787
2025-01-20 14:00:00+00:00,3331.4877171601383,3353.90414128406,3328.30554973465,3351.2747458829544,60231629505.964,3351.2747458829544
2025-01-20 15:00:00+00:00,3346.9198349417384,3374.972471199373,3316.402863960816,3325.8130981537133,57963286378.63625,3325.8130981537133
2025-01-20 16:00:00+00:00,3325.605812046464,3383.6258943223474,3276.7061784061284,3375.7224499526496,58249170633.06702,3375.7224499526496
2025-01-20 17:00:00+00:00,3371.391654459458,3377.048852997973,3202.948102532456,3292.1646547191194,62216486167.49116,3292.1646547191194
2025-01-20 18:00:00+00:00,3288.2848765212443,3336.889128439369,3281.828844245106,3327.667138169715,63376680114.80302,3327.667138169715
2025-01-20 19:00:00+00:00,3325.1041766769054,3359.6973587054467,3307.572271216556,3341.9098283496432,63814109411.73191,3341.9098283496432
2025-01-20 20:00:00+00:00,3338.8310041690647,3342.668884013166,3312.9197766961747,3319.828726197458,63865335624.15251,3319.828726197458
2025-01-20 21:00:00+00:00,3315.922294340321,3332.180376688817,3286.126267703462,3286.126267703462,58527405986.95109,3286.126267703462
2025-01-20 22:00:00+00:00,3281.7487055274605,3318.974223775902,3254.946157255824,3317.181975798602,55056813158.33169,3317.181975798602
2025-01-20 23:00:00+00:00,3311.577893526449,3315.8173969877175,3260.2173570654886,3278.053044293792,52383469850.613174,3278.053044293792
2025-01-21 00:00:00+00:00,3278.4537895684825,3285.2136242684414,3218.20731534091,3219.490916896881,49437247357.19703,3219.490916896881
2025-01-21 01:00:00+00:00,3221.264198391747,3254.966402350876,3200.987501854781,3248.79226995801,49413389766.69492,3248.79226995801
2025-01-21 02:00:00+00:00,3248.433903634915,3266.8398473281104,3225.867132531189,3252.9772955498865,48871216960.24698,3252.9772955498865
2025-01-21 03:00:00+00:00,3253.6766931997827,3263.9631366598715,3245.7291882681575,3257.898373203207,48512083712.48365,3257.898373203207
2025-01-21 04:00:00+00:00,3257.748983001492,3258.077016288702,3211.8884903069716,3241.52140755207,48452383094.57242,3241.52140755207
2025-01-21 05:00:00+00:00,3241.945111590277,3248.168273036132,3216.350759710095,3220.788378632379,47950376536.81271,3220.788378632379
2025-01-21 06:00:00+00:00,3220.588233876334,3249.4284040076427,3210.830934617878,3238.0263093783396,46431745334.68886,3238.0263093783396
2025-01-21 07:00:00+00:00,3239.1955445963777,3260.6846044323265,3233.0986962381617,3248.422207439735,43333715326.730446,3248.422207439735
2025-01-21 08:00:00+00:00,3249.2829260312537,3258.211262508185,3233.453874799525,3248.1466277890772,42798082316.79314,3248.1466277890772
2025-01-21 09:00:00+00:00,3247.1274584928883,3272.899516763745,3247.3510771930587,3270.376151896209,42285643471.304695,3270.376151896209
2025-01-21 10:00:00+00:00,3270.528598350504,3305.802804990099,3269.523154994425,3300.403786953619,42204738171.4403,3300.403786953619
2025-01-21 11:00:00+00:00,3300.482822185145,3309.3214873921856,3291.293845705632,3301.8535410648083,42472349505.891716,3301.8535410648083
2025-01-21 12:00:00+00:00,3302.1709850118214,3321.8283313293527,3290.575339322245,3303.599760174615,40536935796.58538,3303.599760174615
2025-01-21 13:00:00+00:00,3303.823079222122,3309.195440212168,3287.7714826789447,3302.4432445518732,39799843878.181755,3302.4432445518732
2025-01-21 14:00:00+00:00,3302.652210391437,3330.7965968449084,3276.614952492007,3280.7973565315538,40440444857.51416,3280.7973565315538
2025-01-21 15:00:00+00:00,3280.197670738782,3297.907995981918,3264.382365211277,3291.747197406246,40376475727.246155,3291.747197406246
2025-01-21 16:00:00+00:00,3292.387048794765,3344.2606778539634,3290.2049535201213,3312.0406715697004,40128955950.82611,3312.0406715697004
2025-01-21 17:00:00+00:00,3312.581038675036,3355.0568738505854,3307.249071075775,3350.162297802108,34635964431.09998,3350.162297802108
2025-01-21 18:00:00+00:00,3350.028610470979,3365.6012721291863,3330.6980238783513,3346.0731272684557,33823377966.93776,3346.0731272684557
2025-01-21 19:00:00+00:00,3346.0976874862995,3345.877815238582,3318.1457655105846,3331.5730207424767,33292203284.529606,3331.5730207424767
2025-01-21 20:00:00+00:00,3332.0355487261863,3338.383745917525,3305.4257289848138,3307.8986128180622,33130032746.925243,3307.8986128180622
2025-01-21 21:00:00+00:00,3307.423924206771,3334.6946212949474,3303.332949011745,3331.85252430475,33248417223.7632,3331.85252430475
2025-01-21 22:00:00+00:00,3332.628318820051,3346.998036460764,3327.7467496093636,3340.21934023209,32802512021.024204,3340.21934023209
2025-01-21 23:00:00+00:00,3339.8912984279,3341.394107835233,3311.034055083112,3327.3578551515407,32803523922.545372,3327.3578551515407
2025-01-22 00:00:00+00:00,3327.1890099302827,3363.078894884752,3324.996081002963,3360.0582929622556,32077701169.041504,3360.0582929622556
2025-01-22 01:00:00+00:00,3359.9639873573774,3364.7528344338766,3323.728804925642,3326.526998040311,30973531042.832573,3326.526998040311
2025-01-22 02:00:00+00:00,3325.9839628578734,3345.98034399756,3323.098122941141,3340.556972831873,29998051015.11635,3340.556972831873
2025-01-22 03:00:00+00:00,3340.7124282126297,3346.8038540922303,3328.214344757559,3331.4069755086634,29457144093.055912,3331.4069755086634
2025-01-22 04:00:00+00:00,3331.420974041309,3332.3277960913956,3318.095193810066,3331.672494701176,28761525271.52418,3331.672494701176
2025-01-22 05:00:00+00:00,3331.2540725698404,3339.033939969567,3319.7274850434997,3320.06330054249,28331323887.401672,3320.06330054249
2025-01-22 06:00:00+00:00,3319.921371278244,3322.75409568178,3303.900250723951,3309.09204208263,27812054407.192055,3309.09204208263
2025-01-22 07:00:00+00:00,3308.96576180719,3310.3623416249943,3288.572429594929,3288.7843390000485,27778918708.141857,3288.7843390000485
2025-01-22 08:00:00+00:00,3288.991037670977,3300.584686199315,3275.1720658128625,3299.010714700259,27930210707.14554,3299.010714700259
2025-01-22 09:00:00+00:00,3298.933026264725,3303.1075297147236,3291.6962765493954,3298.1106708071165,27390101169.41769,3298.1106708071165
2025-01-22 10:00:00+00:00,3297.7223323267895,3307.108650853814,3289.738771507251,3306.7098097328976,26740072704.957806,3306.7098097328976
2025-01-22 11:00:00+00:00,3305.928677520791,3329.0501406500784,3303.9335937182864,3327.5528153477603,26210178094.148464,3327.5528153477603
2025-01-22 12:00:00+00:00,3326.642116111365,3330.040305274469,3311.6287444244954,3316.808335613337,25437010020.049725,3316.808335613337
2025-01-22 13:00:00+00:00,3316.895793433072,3318.063583147843,3281.9689102892025,3285.8527283423855,25523549277.067684,3285.8527283423855
2025-01-22 14:00:00+00:00,3285.9573062949344,3311.193290829888,3272.10844468242,3297.2332831678027,24829244431.026028,3297.2332831678027
2025-01-22 15:00:00+00:00,3297.3909610029696,3304.0252788245007,3270.9161232016068,3283.410714725963,24366429114.48156,3283.410714725963
2025-01-22 16:00:00+00:00,3282.4202276544656,3282.3913357902234,3261.794574884978,3277.1748408946964,23481512670.993736,3277.1748408946964
2025-01-22 17:00:00+00:00,3277.5802077064463,3286.4061599172996,3273.46550904185,3285.1954504567857,23062830702.314087,3285.1954504567857
2025-01-22 18:00:00+00:00,3285.192919477989,3290.6993697763296,3241.3300311700623,3247.717787688426,22387463609.4586,3247.717787688426
2025-01-22 19:00:00+00:00,3248.802333814387,3279.0722473823253,3247.4360027190282,3260.9103272335797,22492404860.078766,3260.9103272335797
2025-01-22 20:00:00+00:00,3261.2814793529606,3275.4596178377074,3254.3286219087317,3259.507416182682,22463530706.750973,3259.507416182682
2025-01-22 21:00:00+00:00,3259.8771408095267,3263.790980227033,3242.288756406548,3257.5450536891353,22396629400.74033,3257.5450536891353
2025-01-22 22:00:00+00:00,3258.0162222695426,3264.535711580269,3241.9046436043186,3244.382963311167,22332730736.146667,3244.382963311167
2025-01-22 23:00:00+00:00,3244.876762685765,3245.1397333392592,3222.984845504822,3240.2058697207776,22171093318.762604,3240.2058697207776
2025-01-23 00:00:00+00:00,3240.4566487056877,3258.998692086573,3237.344521402072,3256.634844230321,22010115563.916546,3256.634844230321
2025-01-23 01:00:00+00:00,3256.330747003502,3256.7627492471843,3221.695182608751,3232.475747197378,21833340017.46197,3232.475747197378
2025-01-23 02:00:00+00:00,3232.542565001491,3234.4694478746915,3203.6987564411133,3221.8016111594575,22001134962.32857,3221.8016111594575
2025-01-23 03:00:00+00:00,3221.491411153983,3240.065187956387,3215.1012084810986,3224.6609128507043,22051096105.77128,3224.6609128507043
2025-01-23 04:00:00+00:00,3224.640506277065,3228.3747311696293,3184.3696935951734,3192.8350662695725,22415993133.2142,3192.8350662695725
2025-01-23 05:00:00+00:00,3193.234355241796,3217.9901902334236,3192.8831039020492,3213.1233767376284,22545938902.213776,3213.1233767376284
2025-01-23 06:00:00+00:00,3212.403355715479,3222.7819810491824,3203.3176820259496,3205.3427165094595,22609512909.643238,3205.3427165094595
2025-01-23 07:00:00+00:00,3204.8928922841533,3230.834794930132,3198.684162523851,3230.2160630236363,22009669974.20127,3230.2160630236363
2025-01-23 08:00:00+00:00,3229.641819925426,3230.934109772707,3207.6912256903593,3209.8010705161937,21472639564.849617,3209.8010705161937
2025-01-23 09:00:00+00:00,3209.9527492227908,3219.48991324356,3191.803726169092,3194.406875221529,21498232755.596134,3194.406875221529
2025-01-23 10:00:00+00:00,3193.8180134861227,3210.916957926556,3188.0712470065782,3200.231523444366,21650956020.78879,3200.231523444366
2025-01-23 11:00:00+00:00,3200.717850324976,3213.4743249440403,3196.176548288029,3211.38250215667,21766867728.77795,3211.38250215667
2025-01-23 12:00:00+00:00,3211.345301641448,3214.9851497012805,3188.869254873816,3202.5715920332696,22125950519.205807,3202.5715920332696
2025-01-23 13:00:00+00:00,3202.4237558516497,3240.697123506961,3201.286298876898,3238.192659335925,22409441274.883972,3238.192659335925
2025-01-23 14:00:00+00:00,3238.1338640596573,3285.5541332610483,3222.4403947397172,3266.8320212293943,23279273705.63676,3266.8320212293943
2025-01-23 15:00:00+00:00,3266.68121029614,3281.3707136701564,3228.5997657891844,3256.0624554061023,24892335370.677048,3256.0624554061023
2025-01-23 16:00:00+00:00,3256.660538210576,3297.8921517399504,3254.860546681541,3256.3046819401993,25637216446.35084,3256.3046819401993
2025-01-23 17:00:00+00:00,3255.5027256977987,3271.7743791226503,3233.580356788531,3265.6759060340673,26205402997.10972,3265.6759060340673
2025-01-23 18:00:00+00:00,3265.1878499628788,3269.025650048139,3237.803793918332,3243.698254392958,26144549212.01448,3243.698254392958
2025-01-23 19:00:00+00:00,3244.6960912536906,3246.607092206343,3196.3960807413337,3205.7892026317136,26159187274.3209,3205.7892026317136
2025-01-23 20:00:00+00:00,3206.4350092871664,3294.630628014407,3198.8337521769945,3252.2323097391222,29487651615.71324,3252.2323097391222
2025-01-23 21:00:00+00:00,3250.027273541442,3254.2472098710227,3216.798453926595,3248.437437675356,31024024827.210033,3248.437437675356
2025-01-23 22:00:00+00:00,3251.244685957876,3322.003890229227,3248.0541221656904,3320.5819392585854,32384432536.763874,3320.5819392585854
2025-01-23 23:00:00+00:00,3321.08706910574,3346.5612219484265,3315.0414363760256,3334.4683512804727,32417129967.99163,3334.4683512804727
2025-01-24 00:00:00+00:00,3334.562489145939,3347.416459953496,3285.762966271969,3287.5960986330783,32662807761.00334,3287.5960986330783
2025-01-24 01:00:00+00:00,3287.6204092055423,3325.344917538838,3285.773587481225,3298.1948342799765,32914079841.90081,3298.1948342799765
2025-01-24 02:00:00+00:00,3296.9880076912204,3312.7027219460965,3282.9315116948346,3286.011488601108,33081021601.880447,3286.011488601108
2025-01-24 03:00:00+00:00,3285.7937299810433,3310.846243601081,3277.316990278117,3302.1824717883524,33592183500.014183,3302.1824717883524
2025-01-24 04:00:00+00:00,3302.5510476501963,3336.3638495308164,3293.4083088140687,3334.4021186752852,33015747033.43446,3334.4021186752852
2025-01-24 05:00:00+00:00,3334.03411381548,3404.273747591899,3330.5827180945357,3404.273747591899,34061540092.73388,3404.273747591899
2025-01-24 06:00:00+00:00,3404.4118046224517,3417.2459325488785,3380.0118220478553,3388.2476309828958,35088769190.63113,3388.2476309828958
2025-01-24 07:00:00+00:00,3387.579162240774,3399.5187451264437,3372.932135834487,3381.3136359063965,35300208291.57272,3381.3136359063965
2025-01-24 08:00:00+00:00,3380.1087695719866,3415.2404387491065,3376.666044440535,3401.8041955803656,35791145307.35971,3401.8041955803656
2025-01-24 09:00:00+00:00,3401.511978163131,3410.9836575225754,3392.798237923252,3400.083975412675,35717522288.27334,3400.083975412675
2025-01-24 10:00:00+00:00,3399.586375102212,3411.3919682632404,3391.256316259064,3411.3919682632404,35643159217.09342,3411.3919682632404
2025-01-24 11:00:00+00:00,3411.103654085185,3413.5288099897357,3393.073198196918,3400.555618840382,36032935270.68564,3400.555618840382
2025-01-24 12:00:00+00:00,3400.1140145984764,3403.6079251306655,3387.194240142813,3402.739003805107,35675839926.071045,3402.739003805107
2025-01-24 13:00:00+00:00,3402.416416241497,3424.916375758184,3392.5989868103957,3393.4612799456304,35033820924.96159,3393.4612799456304
2025-01-24 14:00:00+00:00,3393.3152414456013,3421.374393042346,3380.4715986103756,3401.740699844644,34195499087.366405,3401.740699844644
2025-01-24 15:00:00+00:00,3401.3758316890326,3409.596411165616,3357.4586101543528,3384.1910809229253,32549721258.11186,3384.1910809229253
2025-01-24 16:00:00+00:00,3384.2393890157377,3397.200579660054,3379.257200563149,3381.7417986553382,31610284001.372997,3381.7417986553382
2025-01-24 17:00:00+00:00,3381.4727488268527,3405.443952706819,3374.8975080428054,3397.8289743444125,31432567794.17938,3397.8289743444125
2025-01-24 18:00:00+00:00,3398.4673620876897,3408.185105202953,3377.481997640814,3379.408340463957,31491766765.05378,3379.408340463957
2025-01-24 19:00:00+00:00,3379.0439278886524,3394.959476769064,3368.142471048714,3369.4065762763094,31535203046.32913,3369.4065762763094
2025-01-24 20:00:00+00:00,3369.343083840538,3379.6046681886087,3331.235499167727,3338.409626932469,28093674832.9573,3338.409626932469
2025-01-24 21:00:00+00:00,3337.6906100702777,3346.491482880952,3325.3602225724817,3330.2889289280834,27265936406.866207,3330.2889289280834
2025-01-24 22:00:00+00:00,3329.6832689977246,3336.3048234641237,3324.819559804595,3325.4777688753747,26184877221.24536,3325.4777688753747
2025-01-24 23:00:00+00:00,3325.067410492562,3325.7375234252004,3306.9511693581317,3309.8019995019245,25580234647.79859,3309.8019995019245
2025-01-25 00:00:00+00:00,3309.9587693744793,3311.95837838684,3273.133404672565,3275.8953261683,25412271792.37718,3275.8953261683
2025-01-25 01:00:00+00:00,3276.10458169863,3305.3191081936,3270.645360047763,3294.768694742802,25313602750.265995,3294.768694742802
2025-01-25 02:00:00+00:00,3294.7287431282907,3302.7172017201483,3290.9681267668434,3294.694393325481,24829731663.314465,3294.694393325481
2025-01-25 03:00:00+00:00,3295.0594638299854,3323.4669557761426,3294.0103627857393,3319.934449685317,24248564555.761055,3319.934449685317
2025-01-25 04:00:00+00:00,3320.0595161420333,3319.979100490292,3300.5766370730767,3300.5766370730767,23733109029.012127,3300.5766370730767
2025-01-25 05:00:00+00:00,3298.3518283254584,3301.8333164373967,3288.8879739837475,3297.144284374298,22672951171.07483,3297.144284374298
2025-01-25 06:00:00+00:00,3296.4659064137745,3301.396884493971,3285.1462977075935,3291.0301025153244,21666453730.52277,3291.0301025153244
2025-01-25 07:00:00+00:00,3291.00265606841,3294.2021142551716,3284.401669570828,3289.9608748287646,21161839059.320454,3289.9608748287646
2025-01-25 08:00:00+00:00,3290.325581246096,3299.849720501906,3283.112822104834,3290.3351098688513,20550928694.91819,3290.3351098688513
2025-01-25 09:00:00+00:00,3290.3796467689353,3290.5239583897187,3281.7023667918993,3284.6579975568097,20437375246.276875,3284.6579975568097
2025-01-25 10:00:00+00:00,3285.2792018049736,3295.905117648816,3273.2389355421387,3295.435897784866,20015160895.238594,3295.435897784866
2025-01-25 11:00:00+00:00,3295.8267846993513,3311.245683269221,3291.424232929041,3308.1972248646825,19875181107.95454,3308.1972248646825
2025-01-25 12:00:00+00:00,3308.318222626844,3308.1114644378445,3294.3020227599177,3303.003003127375,19621706070.30076,3303.003003127375
2025-01-25 13:00:00+00:00,3303.2025075936454,3308.4513252767906,3301.4101114050295,3307.4965281110794,18916539851.227627,3307.4965281110794
2025-01-25 14:00:00+00:00,3307.4842650398114,3317.8590515735673,3299.398927154467,3316.7951279417425,17935137199.92567,3316.7951279417425
2025-01-25 15:00:00+00:00,3317.0788966111822,3344.424486001351,3310.6007984478974,3336.60351971964,17661557293.473385,3336.60351971964
2025-01-25 16:00:00+00:00,3337.0232103293333,3347.318725798374,3332.667994236855,3338.831032544741,17225309211.321335,3338.831032544741
2025-01-25 17:00:00+00:00,3339.225708458883,3344.8340524606833,3331.7957127142076,3342.027883867993,16924414192.72417,3342.027883867993
2025-01-25 18:00:00+00:00,3342.51882616734,3346.9882929797996,3335.94242725566,3339.841199245981,16476402851.653175,3339.841199245981
2025-01-25 19:00:00+00:00,3340.650985397853,3342.9837482509215,3335.375045966681,3338.9310895709245,15920087441.96848,3338.9310895709245
2025-01-25 20:00:00+00:00,3339.489882022425,3348.8575499152053,3336.230900213102,3336.4225219240834,14873190207.325169,3336.4225219240834
2025-01-25 21:00:00+00:00,3336.823213420755,3341.282021729117,3332.80504001488,3340.024790469875,14298259819.708538,3340.024790469875
2025-01-25 22:00:00+00:00,3340.196449093014,3344.100698103448,3333.140646471389,3334.7619886082007,13996732203.300714,3334.7619886082007
2025-01-25 23:00:00+00:00,3334.5798426421907,3335.489030668369,3315.6085406354678,3317.6593613739637,13745931352.245073,3317.6593613739637
2025-01-26 00:00:00+00:00,3317.681448022332,3326.855468318256,3314.263648044177,3321.432242134965,13100128297.582586,3321.432242134965
2025-01-26 01:00:00+00:00,3321.658438332111,3337.2923615451837,3318.8581877188935,3330.058448520908,12676199291.019926,3330.058448520908
2025-01-26 02:00:00+00:00,3330.258874845691,3330.9314851691747,3319.191274125395,3323.9570584834314,12500629292.41418,3323.9570584834314
2025-01-26 03:00:00+00:00,3324.389028731157,3348.163956996055,3324.1661399875984,3338.683113804015,12431079625.803247,3338.683113804015
2025-01-26 04:00:00+00:00,3338.802554519369,3359.4448015466915,3336.8174480830594,3354.0297199438755,12657640529.41545,3354.0297199438755
2025-01-26 05:00:00+00:00,3354.5043006372116,3354.2922389665573,3338.471327102545,3341.230707286339,12668260388.525585,3341.230707286339
2025-01-26 06:00:00+00:00,3341.6886548416264,3345.449577850225,3338.5200806458956,3341.479965684131,12464358457.501627,3341.479965684131
2025-01-26 07:00:00+00:00,3341.8010033700093,3343.46186247714,3331.9011482735514,3338.0476696015503,12381533280.091589,3338.0476696015503
2025-01-26 08:00:00+00:00,3338.4063605381857,3341.8880858127973,3324.207297822513,3330.4659034675024,12470635332.85106,3330.4659034675024
2025-01-26 09:00:00+00:00,3331.108108208739,3331.5329216278037,3295.4131830991546,3296.8349645985722,12706430611.070961,3296.8349645985722
2025-01-26 10:00:00+00:00,3296.9511297757235,3306.1317981378565,3295.8195373566164,3303.6860166449933,12690465463.803267,3303.6860166449933
2025-01-26 11:00:00+00:00,3304.315513620849,3314.761885224564,3303.1703940138427,3312.153440599733,12781987344.010963,3312.153440599733
2025-01-26 12:00:00+00:00,3312.229933796726,3312.463483901352,3300.6559786492885,3307.640927424372,12658324457.369944,3307.640927424372
2025-01-26 13:00:00+00:00,3307.620129943337,3308.67025529454,3300.654263033481,3307.4259914234026,12833160983.599237,3307.4259914234026
2025-01-26 14:00:00+00:00,3307.812621523799,3312.0074155173047,3298.7443619718833,3311.2786566230307,12856998573.161175,3311.2786566230307
2025-01-26 15:00:00+00:00,3311.7462465574245,3319.671134041213,3309.1263685669164,3314.1056373619595,12336142515.234476,3314.1056373619595
2025-01-26 16:00:00+00:00,3315.066396701786,3318.869955105139,3308.83705704028,3317.502522870153,12165479818.648384,3317.502522870153
2025-01-26 17:00:00+00:00,3318.079457252254,3343.3569785889267,3315.2426987949884,3337.1037285739744,12046927068.371998,3337.1037285739744
2025-01-26 18:00:00+00:00,3337.6203663095703,3342.0136997166237,3334.242143484981,3336.6772245040675,12072359552.58296,3336.6772245040675
2025-01-26 19:00:00+00:00,3337.3050707713032,3341.1152995255115,3330.3690426566836,3338.20653902601,12244415931.818459,3338.20653902601
2025-01-26 20:00:00+00:00,3338.4988061017957,3341.283709295847,3327.7779080558003,3327.7779080558003,12175882624.699034,3327.7779080558003
2025-01-26 21:00:00+00:00,3328.562686308578,3329.0844403320443,3293.4167838172466,3299.018136449085,12462340870.795452,3299.018136449085
2025-01-26 22:00:00+00:00,3300.0105142970724,3307.6568917577442,3283.4480615190714,3293.51684133521,13003924142.22695,3293.51684133521
2025-01-26 23:00:00+00:00,3293.569190502564,3292.8414813815352,3234.3218246770048,3235.6611751572605,14469413533.050102,3235.6611751572605
2025-01-27 00:00:00+00:00,3235.382252569344,3250.401087580226,3210.68105923058,3211.1969564289307,15888143946.309128,3211.1969564289307
2025-01-27 01:00:00+00:00,3210.7851280948676,3219.3828939583373,3189.4509072105743,3196.93713088201,17291082188.047153,3196.93713088201
2025-01-27 02:00:00+00:00,3198.2331803670168,3196.7669483540676,3165.1878385931764,3166.3592857368203,18977673302.45257,3166.3592857368203
2025-01-27 03:00:00+00:00,3165.6913859292335,3196.040620604312,3161.784680502273,3183.0496466743816,19651851675.375282,3183.0496466743816
2025-01-27 04:00:00+00:00,3182.2260237016,3182.446584240125,3154.8872065547394,3156.4155212077185,20082317962.772396,3156.4155212077185
2025-01-27 05:00:00+00:00,3155.700146864576,3161.311538238457,3116.818354069861,3138.6798514735774,21344379580.52663,3138.6798514735774
2025-01-27 06:00:00+00:00,3138.6191058034665,3147.8265880664358,3078.800231220603,3079.1007372765916,22997340377.549995,3079.1007372765916
2025-01-27 07:00:00+00:00,3078.7965310504783,3087.618242283877,3023.289753350776,3072.341155266968,26435919944.308903,3072.341155266968
2025-01-27 08:00:00+00:00,3072.2167881483933,3072.538395989465,3039.2055820274873,3062.6003688279716,27403037409.562527,3062.6003688279716
2025-01-27 09:00:00+00:00,3062.172193608741,3088.50602222723,3061.0853961110643,3080.189711169982,28075543188.615784,3080.189711169982
2025-01-27 10:00:00+00:00,3080.316828058609,3080.6924573882798,3035.704143970489,3039.6949589899277,28855362792.393353,3039.6949589899277
2025-01-27 11:00:00+00:00,3039.027537251672,3072.8735647594667,3036.7355704679144,3060.0935851332965,29681032633.639915,3060.0935851332965
2025-01-27 12:00:00+00:00,3060.5719103715537,3119.6348839420807,3054.7335022792086,3105.9326831309536,30783157681.46826,3105.9326831309536
2025-01-27 13:00:00+00:00,3107.493523357216,3132.5830446958294,3090.722967571606,3103.7931865610935,32186238530.846317,3103.7931865610935
2025-01-27 14:00:00+00:00,3105.08917723656,3145.0107337724194,3084.9485185916856,3143.7961136060994,33752068770.99832,3143.7961136060994
2025-01-27 15:00:00+00:00,3144.65378897524,3150.5149622868444,3114.2269027797397,3133.8664370124166,35312672606.29765,3133.8664370124166
2025-01-27 16:00:00+00:00,3133.0632066380363,3133.9628973611725,3076.4488537628954,3078.9349289805505,35895142188.07578,3078.9349289805505
2025-01-27 17:00:00+00:00,3076.3553023484014,3096.7632305838692,3069.6684976995325,3072.841087753961,36656796182.8144,3072.841087753961
2025-01-27 18:00:00+00:00,3072.3403075887763,3086.3880086256586,3047.5591351312364,3051.629191653273,37330267562.61506,3051.629191653273
2025-01-27 19:00:00+00:00,3051.616897809754,3079.0677340667644,3051.878509067098,3071.78781212742,38119933590.15098,3071.78781212742
2025-01-27 20:00:00+00:00,3071.1263744436383,3146.5075654870366,3071.0263988692345,3146.3322190307326,39293636725.68857,3146.3322190307326
2025-01-27 21:00:00+00:00,3146.667951744744,3234.6936327421454,3143.14126939534,3160.815925612432,40796206596.094894,3160.815925612432
2025-01-27 22:00:00+00:00,3160.4565862979953,3180.2141152836894,3147.492297287326,3173.7251523829823,40924815576.97201,3173.7251523829823
2025-01-27 23:00:00+00:00,3173.4287594168486,3180.4132045226347,3160.1784174135482,3178.652097004706,39409158564.277016,3178.652097004706
2025-01-28 00:00:00+00:00,3178.81848563437,3201.8304709726754,3165.288081532403,3167.7311824394524,38759424991.740906,3167.7311824394524
2025-01-28 01:00:00+00:00,3167.573253222373,3175.6084731369815,3152.815699105247,3168.0642993844444,37049067311.13531,3168.0642993844444
2025-01-28 02:00:00+00:00,3167.085877315687,3197.8949668883497,3165.4278583897085,3191.653155958902,36098983212.21717,3191.653155958902
2025-01-28 03:00:00+00:00,3191.196648970154,3216.212926575414,3175.8843662268414,3203.4230815114142,35961658080.50327,3203.4230815114142
2025-01-28 04:00:00+00:00,3203.0079448617685,3222.597026049829,3197.6073184513966,3211.5264900289017,35994775148.52003,3211.5264900289017
2025-01-28 05:00:00+00:00,3211.907007862084,3220.489233749718,3209.578825499903,3211.681767709977,34867969934.90677,3211.681767709977
2025-01-28 06:00:00+00:00,3211.261021127901,3213.7489911283737,3194.516772647465,3194.748935370331,32964204476.27431,3194.748935370331
2025-01-28 07:00:00+00:00,3194.3918644276273,3214.977742546614,3190.060167213186,3195.1188935991904,29389093170.70376,3195.1188935991904
2025-01-28 08:00:00+00:00,3195.35688852289,3204.175851885181,3184.9671303863156,3198.1298299445225,28207266998.330997,3198.1298299445225
2025-01-28 09:00:00+00:00,3197.9575853115025,3201.481382141741,3185.1645920598116,3197.368438342621,27277145267.578064,3197.368438342621
2025-01-28 10:00:00+00:00,3196.7923069256626,3205.3912694334367,3190.6535916865637,3195.1213436019734,26696210199.943478,3195.1213436019734
2025-01-28 11:00:00+00:00,3194.651871326707,3199.703797732176,3178.6090519759914,3187.046815130018,25568161274.668304,3187.046815130018
2025-01-28 12:00:00+00:00,3187.2572761702168,3195.145324752223,3168.7087475223957,3173.5778012596543,24745031605.849358,3173.5778012596543
2025-01-28 13:00:00+00:00,3173.2619652646554,3188.5057519240972,3171.6392448093243,3174.9472499952794,23164043833.627853,3174.9472499952794
2025-01-28 14:00:00+00:00,3174.554344055027,3178.6392766765634,3157.753241516945,3174.4105337703772,22398218014.08605,3174.4105337703772
2025-01-28 15:00:00+00:00,3174.864134474096,3211.125265764344,3172.1071864877595,3178.863907117703,22100073487.28282,3178.863907117703
2025-01-28 16:00:00+00:00,3179.013023099624,3183.118410779923,3139.957076003989,3146.6716283738047,21777774075.074627,3146.6716283738047
2025-01-28 17:00:00+00:00,3146.6994448642745,3181.0779237735615,3147.037138603911,3169.0704495318373,21481826673.321175,3169.0704495318373
2025-01-28 18:00:00+00:00,3169.252592493383,3174.575626976963,3141.3189072345517,3142.110542862132,20712831361.63251,3142.110542862132
2025-01-28 19:00:00+00:00,3142.442562831473,3149.5887111349252,3122.287777081688,3146.774925782904,20595313397.78839,3146.774925782904
2025-01-28 20:00:00+00:00,3146.951999055704,3153.777410576641,3095.3578871350765,3096.1439570706616,20579732215.865185,3096.1439570706616
2025-01-28 21:00:00+00:00,3095.6245049498266,3112.6025889417247,3052.0157568209197,3052.379887079274,19586625237.32317,3052.379887079274
2025-01-28 22:00:00+00:00,3051.4735656441626,3087.2764425692894,3040.7470506580585,3082.9055740005115,20302161711.751953,3082.9055740005115
2025-01-28 23:00:00+00:00,3083.4574739947184,3091.767010136579,3054.1511845366877,3077.2318175751448,20719008661.347076,3077.2318175751448
2025-01-29 00:00:00+00:00,3076.4991733885577,3114.403854205408,3075.5401985997755,3109.206540392548,20389657373.54486,3109.206540392548
2025-01-29 01:00:00+00:00,3109.971091148962,3117.6259312044003,3099.2234731630488,3108.5813160758457,20365366160.975586,3108.5813160758457
2025-01-29 02:00:00+00:00,3108.9200134588286,3127.268337473856,3108.402185638344,3112.942477001912,20238312740.37259,3112.942477001912
2025-01-29 03:00:00+00:00,3113.218449397626,3130.6805020852494,3107.9960722217143,3129.661811632117,19935434570.56781,3129.661811632117
2025-01-29 04:00:00+00:00,3129.5909354917067,3138.2227093741853,3122.8886368059407,3123.847646485977,20091246141.72193,3123.847646485977
2025-01-29 05:00:00+00:00,3124.032983727309,3132.8442270064365,3116.876832883354,3128.1699348779975,19786959956.561115,3128.1699348779975
2025-01-29 06:00:00+00:00,3128.1950392541517,3148.5560652822883,3127.8105424731298,3143.7404933573084,20062896835.384743,3143.7404933573084
2025-01-29 07:00:00+00:00,3144.5448450435215,3157.354598853389,3138.3627551869345,3154.8764780270576,19770443060.278545,3154.8764780270576
2025-01-29 08:00:00+00:00,3155.484146112357,3162.2117119566115,3143.4792067760004,3145.45274276554,19702218215.35529,3145.45274276554
2025-01-29 09:00:00+00:00,3145.731231372725,3146.3075811997114,3123.363131089032,3128.844427763016,19752366510.147125,3128.844427763016
2025-01-29 10:00:00+00:00,3129.0019258405364,3141.8324654506055,3120.114328949762,3135.6491775177205,19774114374.359695,3135.6491775177205
2025-01-29 11:00:00+00:00,3135.4863151773975,3142.0166686814805,3131.7959986530177,3132.292221452293,20013002552.73925,3132.292221452293
2025-01-29 12:00:00+00:00,3132.968641941378,3137.6700935022022,3113.4653866892068,3118.3898097513757,19989391222.585896,3118.3898097513757
2025-01-29 13:00:00+00:00,3119.4366278406887,3118.5721797358915,3089.1518384700444,3102.576320605263,20179263296.46125,3102.576320605263
2025-01-29 14:00:00+00:00,3102.352121693353,3114.386899361055,3080.562039844376,3098.006650733826,20155452403.823055,3098.006650733826
2025-01-29 15:00:00+00:00,3097.7993176154587,3115.237793918128,3094.564675070894,3099.3348290958365,20010321816.721275,3099.3348290958365
2025-01-29 16:00:00+00:00,3099.784331911979,3102.735769395717,3074.4240572556496,3082.7476465453187,19399152174.22259,3082.7476465453187
2025-01-29 17:00:00+00:00,3083.283771905442,3130.056318039153,3082.8555892793843,3110.82974517561,19220118734.41389,3110.82974517561
2025-01-29 18:00:00+00:00,3111.1456438904556,3132.836385691878,3092.8610262037682,3127.1299289533395,19281724742.134026,3127.1299289533395
2025-01-29 19:00:00+00:00,3127.7971287520522,3149.394702420915,3055.083852637091,3126.5616159146275,22006186513.662144,3126.5616159146275
2025-01-29 20:00:00+00:00,3127.0908048242163,3177.3837716019084,3092.4545679762755,3144.905783841573,23611272198.261185,3144.905783841573
2025-01-29 21:00:00+00:00,3145.937927315555,3162.2484330600646,3115.6147433711985,3140.9362973140555,23600883359.897087,3140.9362973140555
2025-01-29 22:00:00+00:00,3141.347189801184,3157.0216846774388,3126.1233902915633,3132.5132331358186,22858638303.610775,3132.5132331358186
2025-01-29 23:00:00+00:00,3132.151582833435,3147.236541215947,3110.5232496430326,3112.8445665093436,22726659204.611927,3112.8445665093436
2025-01-30 00:00:00+00:00,3113.135553479211,3126.602038359083,3093.329973458305,3125.9504100101194,22786759459.414413,3125.9504100101194
2025-01-30 01:00:00+00:00,3126.208710828277,3153.0780863389828,3121.989538216383,3137.33686398026,23045914771.371616,3137.33686398026
2025-01-30 02:00:00+00:00,3137.4473309065506,3151.575751172524,3129.8741116580964,3149.766681303588,23228150607.728176,3149.766681303588
2025-01-30 03:00:00+00:00,3149.4768886664747,3198.955914928722,3149.887217629353,3195.2144664504035,23732218255.86572,3195.2144664504035
2025-01-30 04:00:00+00:00,3194.8111697160152,3213.2158614979116,3188.0370327877604,3198.5353651791993,24444673785.08536,3198.5353651791993
2025-01-30 05:00:00+00:00,3199.464385569242,3201.329936570622,3183.455122401735,3194.769898973663,24201135106.060436,3194.769898973663
2025-01-30 06:00:00+00:00,3194.5605242663737,3206.7624839168916,3185.314979833295,3185.723233189589,24185921839.40474,3185.723233189589
2025-01-30 07:00:00+00:00,3186.1101790095236,3194.2137969521814,3179.3351687144886,3189.761245000013,24214570030.234627,3189.761245000013
2025-01-30 08:00:00+00:00,3189.139217692707,3210.152175674336,3181.8711377526283,3204.502476467361,24643905407.0425,3204.502476467361
2025-01-30 09:00:00+00:00,3204.2862541916375,3229.3963628896026,3201.590477011122,3222.632179351253,24877996788.401783,3222.632179351253
2025-01-30 10:00:00+00:00,3222.281877796267,3223.1696656263557,3209.2911109059887,3217.8589278860654,24553165191.854794,3217.8589278860654
2025-01-30 11:00:00+00:00,3217.394601964838,3226.5518280754427,3215.390732220919,3222.28983769439,24695398964.90045,3222.28983769439
2025-01-30 12:00:00+00:00,3223.0351760181197,3223.1393988560435,3209.524403971251,3220.6867853756876,24587182510.82002,3220.6867853756876
2025-01-30 13:00:00+00:00,3220.0022514506986,3270.3268402140566,3216.7691819173256,3261.4441916438923,25174397859.101177,3261.4441916438923
2025-01-30 14:00:00+00:00,3259.9815862222563,3280.812637246898,3241.567576008246,3266.12484423465,25886192830.72038,3266.12484423465
2025-01-30 15:00:00+00:00,3265.5029543232804,3274.9014981916157,3251.0004005774426,3256.1147966817634,26455421584.190086,3256.1147966817634
2025-01-30 16:00:00+00:00,3256.7786237837167,3279.1639577792876,3250.5042466347054,3279.1639577792876,26569836258.71816,3279.1639577792876
2025-01-30 17:00:00+00:00,3279.385267620957,3282.783725392252,3258.0183510766437,3270.7823906414005,26560212923.937824,3270.7823906414005
2025-01-30 18:00:00+00:00,3270.9414694513916,3276.1131495069167,3256.6481880618103,3269.8650677823466,26745994554.581142,3269.8650677823466
2025-01-30 19:00:00+00:00,3270.576423242167,3275.087586012089,3257.333177689987,3271.6108282423606,23234168806.666813,3271.6108282423606
2025-01-30 20:00:00+00:00,3271.898672191182,3273.064742879394,3231.753229383925,3243.4163353365047,21636689560.631912,3243.4163353365047
2025-01-30 21:00:00+00:00,3243.9360763723507,3247.390921814079,3232.0021960602,3244.369389955201,20536726003.75368,3244.369389955201
2025-01-30 22:00:00+00:00,3244.478712501487,3270.8858913484564,3239.7694939684184,3262.7816470106477,20285206261.751102,3262.7816470106477
2025-01-30 23:00:00+00:00,3261.9832040298998,3269.694074989676,3247.437553048834,3247.7544696693008,19958249191.199654,3247.7544696693008
2025-01-31 00:00:00+00:00,3247.841688233176,3270.675038036817,3238.6519636561165,3270.1383718668085,19833535301.861755,3270.1383718668085
2025-01-31 01:00:00+00:00,3270.0600704245953,3272.972629670278,3254.94416695803,3270.359465472137,19804966171.421745,3270.359465472137
2025-01-31 02:00:00+00:00,3270.6661356768554,3278.2635443381073,3249.7360547137796,3250.610425960503,19431516010.905052,3250.610425960503
2025-01-31 03:00:00+00:00,3250.922566042032,3250.5796582479916,3222.851821703526,3231.3569987643473,19254275871.12729,3231.3569987643473
2025-01-31 04:00:00+00:00,3231.2032834991896,3234.3280107477826,3214.865396523093,3216.8396035291785,18776447359.519222,3216.8396035291785
2025-01-31 05:00:00+00:00,3216.8885966667176,3247.7639663052787,3216.361841999324,3245.785135171748,18796562521.15543,3245.785135171748
2025-01-31 06:00:00+00:00,3245.479935768725,3270.7252814379262,3242.1295206296136,3262.070613318893,18921125673.120087,3262.070613318893
2025-01-31 07:00:00+00:00,3262.4433351940747,3273.915549348627,3240.4121214991733,3245.6330258344497,19164144333.09668,3245.6330258344497
2025-01-31 08:00:00+00:00,3245.737084097911,3247.7881154870743,3235.5543709763338,3236.29816344692,19498342403.434036,3236.29816344692
2025-01-31 09:00:00+00:00,3237.187346390312,3268.764636195628,3235.011723708564,3264.314767959609,19324366355.85266,3264.314767959609
2025-01-31 10:00:00+00:00,3264.1187372413146,3270.566876055314,3258.006606175392,3268.292081139866,19475668886.416042,3268.292081139866
2025-01-31 11:00:00+00:00,3268.7083622680443,3336.098319428836,3268.2893409748754,3336.098319428836,20834822156.71324,3336.098319428836
2025-01-31 12:00:00+00:00,3337.012615903121,3358.6981053329937,3326.5131931350948,3353.8753958006478,22163675429.33125,3353.8753958006478
2025-01-31 13:00:00+00:00,3354.053959287295,3363.596626207982,3341.9442917006004,3353.444753744443,22045159781.565777,3353.444753744443
2025-01-31 14:00:00+00:00,3353.400217467771,3371.2119978696733,3335.881237551801,3346.2583036070673,22111313275.444195,3346.2583036070673
2025-01-31 15:00:00+00:00,3346.244009222351,3425.222871733269,3346.2417827776912,3425.3261743742196,23431602559.28341,3425.3261743742196
2025-01-31 16:00:00+00:00,3426.259651492672,3437.233322116344,3392.2635299353415,3401.993007094991,24717848509.92902,3401.993007094991
2025-01-31 17:00:00+00:00,3401.9341769361786,3403.6645558102746,3374.946914656461,3377.923525626577,24950783361.038845,3377.923525626577
2025-01-31 18:00:00+00:00,3378.421964473176,3384.0087258417634,3296.983666837121,3314.652468258847,26673510293.979317,3314.652468258847
2025-01-31 19:00:00+00:00,3314.1827635091377,3344.3050460578825,3309.7244008553835,3338.674421666386,28111635282.858154,3338.674421666386
2025-01-31 20:00:00+00:00,3341.365376308713,3340.0406414122044,3286.5679580632027,3309.2058295507973,29132797068.29065,3309.2058295507973
2025-01-31 21:00:00+00:00,3309.684064596943,3319.1721122720164,3278.960415055509,3313.7806889206945,29621131922.82155,3313.7806889206945
2025-01-31 22:00:00+00:00,3313.983458209225,3318.4499424190712,3283.3860982964784,3292.8552510391155,29873520348.791897,3292.8552510391155
2025-01-31 23:00:00+00:00,3292.9438072356206,3301.13016285047,3280.3298772170015,3298.114228912895,30126736956.77326,3298.114228912895
2025-02-01 00:00:00+00:00,3298.6713650812544,3319.0895572056015,3289.4022561051324,3318.343758195375,30399401162.15744,3318.343758195375
2025-02-01 01:00:00+00:00,3318.024334257937,3329.0444094931217,3312.4471292898565,3312.725491301042,30750732067.308987,3312.725491301042
2025-02-01 02:00:00+00:00,3313.036942289204,3322.9644094630353,3305.2064346296816,3307.352876599223,30246522655.112217,3307.352876599223
2025-02-01 03:00:00+00:00,3305.95810265722,3307.76534568571,3284.170258665733,3289.4998514250765,30118908440.901638,3289.4998514250765
2025-02-01 04:00:00+00:00,3289.7876358246226,3305.669729078147,3286.1943517989835,3293.3189183405093,30119469762.122738,3293.3189183405093
2025-02-01 05:00:00+00:00,3293.1930385993273,3301.915248604591,3293.114933060047,3298.7349208016167,30325625006.73593,3298.7349208016167
2025-02-01 06:00:00+00:00,3298.9565097432396,3305.051349845211,3275.152895706294,3294.45753465823,30364572023.05296,3294.45753465823
2025-02-01 07:00:00+00:00,3294.439887699315,3299.9654928339573,3277.867882207616,3280.1377735058427,29683617971.74074,3280.1377735058427
2025-02-01 08:00:00+00:00,3280.044770031651,3284.852456350613,3252.2986044194445,3266.6092010019884,29893297960.188118,3266.6092010019884
2025-02-01 09:00:00+00:00,3267.302129253119,3267.2559640177337,3225.317397156785,3233.1204942460963,30113394388.056896,3233.1204942460963
2025-02-01 10:00:00+00:00,3233.4869281291903,3251.8014296204874,3230.3085313417973,3236.189527620022,30252259778.69138,3236.189527620022
2025-02-01 11:00:00+00:00,3235.9658100868037,3251.419769509052,3231.647228589567,3251.419769509052,29000340630.224033,3251.419769509052
2025-02-01 12:00:00+00:00,3251.3472117261545,3270.7313479523646,3247.709539348152,3266.6059638310153,27871218005.606964,3266.6059638310153
2025-02-01 13:00:00+00:00,3267.3126327050813,3271.002673449467,3242.959807583596,3243.872363239867,26971680342.308743,3243.872363239867
2025-02-01 14:00:00+00:00,3243.518766882402,3255.3804550165783,3236.0155413060243,3236.6352902787526,25889252860.297565,3236.6352902787526
2025-02-01 15:00:00+00:00,3236.642208358824,3257.4345353106573,3230.497092718047,3250.088852255982,24079438620.199898,3250.088852255982
2025-02-01 16:00:00+00:00,3250.450820958297,3264.1546811208123,3242.127388026854,3242.127388026854,22407782895.79171,3242.127388026854
2025-02-01 17:00:00+00:00,3242.3883368736756,3265.5990100429526,3241.779551724893,3260.6394192242333,22207775023.207817,3260.6394192242333
2025-02-01 18:00:00+00:00,3260.7960010764955,3264.7381335954924,3241.6797626765488,3243.2575501282236,19844628369.479424,3243.2575501282236
2025-02-01 19:00:00+00:00,3243.445081271412,3243.5684504256624,3181.144872680705,3195.6780360024877,19429559080.865196,3195.6780360024877
2025-02-01 20:00:00+00:00,3195.472610971836,3196.3483472721773,3152.273121319007,3166.139233502739,19271762959.44752,3166.139233502739
2025-02-01 21:00:00+00:00,3165.404158627428,3177.8910353084866,3143.2529611148702,3154.313070820559,19000969102.732178,3154.313070820559
2025-02-01 22:00:00+00:00,3154.726176643955,3160.84566316106,3126.080162293241,3135.417175502998,19157596790.227177,3135.417175502998
2025-02-01 23:00:00+00:00,3135.6399767832672,3135.937838908408,3102.284853169362,3118.220812897832,19916818454.618816,3118.220812897832
2025-02-02 00:00:00+00:00,3118.503870527802,3155.2025874813594,3112.7601290417665,3151.258892936742,20123811539.352314,3151.258892936742
2025-02-02 01:00:00+00:00,3151.632325323876,3161.616042612393,3144.9967320727296,3150.1643612206744,20165789587.625587,3150.1643612206744
2025-02-02 02:00:00+00:00,3150.375061064011,3151.3965153821086,3113.2866699267806,3117.9546365258666,20443787608.581055,3117.9546365258666
2025-02-02 03:00:00+00:00,3117.3918697101267,3127.6785886037605,3069.7943088768743,3073.3835619726187,22299441163.588085,3073.3835619726187
2025-02-02 04:00:00+00:00,3074.125052419548,3107.146060470803,3072.665775949676,3096.743614651923,22978888150.67349,3096.743614651923
2025-02-02 05:00:00+00:00,3097.143520697608,3121.289019175346,3093.805367123602,3120.998148125225,23437515667.086422,3120.998148125225
2025-02-02 06:00:00+00:00,3121.3768648910445,3136.6147837737926,3112.089660356932,3112.089660356932,23583901170.402348,3112.089660356932
2025-02-02 07:00:00+00:00,3112.096111210087,3114.071782082085,3084.432867154866,3100.448935600767,23978198734.043125,3100.448935600767
2025-02-02 08:00:00+00:00,3100.259936533244,3122.698618550636,3090.733951116665,3109.8856017936805,23865628375.92639,3109.8856017936805
2025-02-02 09:00:00+00:00,3110.218849292107,3109.5323292405856,3097.0265545808284,3109.499221941254,23370226749.90976,3109.499221941254
2025-02-02 10:00:00+00:00,3110.197956135422,3110.4477823704124,3092.5623677333356,3100.8796041991172,23258263557.21933,3100.8796041991172
2025-02-02 11:00:00+00:00,3101.1194731113333,3110.321869693845,3053.201873175652,3064.4521622611187,24368808521.999664,3064.4521622611187
2025-02-02 12:00:00+00:00,3063.7932414189304,3078.0883119047644,3051.168043537879,3056.3716952884356,24964281505.34937,3056.3716952884356
2025-02-02 13:00:00+00:00,3056.86235092017,3086.1548164235264,3051.494903959594,3085.9529209064453,25607555391.233753,3085.9529209064453
2025-02-02 14:00:00+00:00,3086.2726170258475,3099.3895169228595,3083.2901379354066,3090.2839817889603,26305793946.788925,3090.2839817889603
2025-02-02 15:00:00+00:00,3090.294962568957,3090.3315455971547,3062.1423340988595,3081.477181049326,26187826505.831505,3081.477181049326
2025-02-02 16:00:00+00:00,3081.416473151101,3081.4325763631205,3006.162402296806,3009.7109444938906,27450284981.188824,3009.7109444938906
2025-02-02 17:00:00+00:00,3009.0800786777695,3035.4324523144755,2952.9375943589216,2967.3172795482556,30619614114.001465,2967.3172795482556
2025-02-02 18:00:00+00:00,2964.646266133247,2985.008253946504,2920.171193105366,2924.5344229099214,34122796927.585926,2924.5344229099214
2025-02-02 19:00:00+00:00,2922.2668294492078,2981.224279032731,2897.499629890458,2960.41715987992,36300771084.49202,2960.41715987992
2025-02-02 20:00:00+00:00,2958.793799493996,2985.686253094275,2944.8392824746247,2949.476947382257,35744918127.79985,2949.476947382257
2025-02-02 21:00:00+00:00,2949.2311451653027,2953.7503965776227,2897.6009515169085,2905.706227565043,36433728710.772354,2905.706227565043
2025-02-02 22:00:00+00:00,2905.4490458446894,2935.6357499113074,2754.221601889515,2870.250370684803,38902669320.58805,2870.250370684803
2025-02-02 23:00:00+00:00,2869.343179103045,2874.6699318067194,2781.221185288718,2868.510671742409,42058258927.815254,2868.510671742409
2025-02-03 00:00:00+00:00,2867.89647489168,2869.413762641251,2774.452308666076,2832.3169474805413,45516646118.08207,2832.3169474805413
2025-02-03 01:00:00+00:00,2830.9756028864167,2838.7754788640123,2451.3585361257255,2524.080117755159,52827797755.77657,2524.080117755159
2025-02-03 02:00:00+00:00,2518.760282829186,2555.198592231324,2159.0380382624035,2486.6174677882054,69916154013.76842,2486.6174677882054
2025-02-03 03:00:00+00:00,2485.7999703683863,2543.1958737911486,2481.4373292061546,2527.6726536231204,73679990398.98703,2527.6726536231204
2025-02-03 04:00:00+00:00,2527.277381525237,2564.5735301347986,2466.1561338351585,2468.8104323268544,74529232115.37872,2468.8104323268544
2025-02-03 05:00:00+00:00,2468.4820719182917,2516.845224703684,2450.5358838180205,2507.3229394908817,77445203912.29953,2507.3229394908817
2025-02-03 06:00:00+00:00,2510.111112038276,2536.47837199895,2486.6331412237705,2527.57103578561,78486332937.98851,2527.57103578561
2025-02-03 07:00:00+00:00,2527.5911542417252,2629.8736006737486,2523.9096722717604,2629.8736006737486,80761805387.94218,2629.8736006737486
2025-02-03 08:00:00+00:00,2631.134485355814,2632.1879256622296,2531.4053856352034,2571.542560543076,82674564206.1425,2571.542560543076
2025-02-03 09:00:00+00:00,2571.4371897311316,2615.52968621145,2564.6606910513638,2574.4522592867147,84769850805.78839,2574.4522592867147
2025-02-03 10:00:00+00:00,2574.649134426027,2615.0062307025055,2567.1167186808675,2614.2392768234117,86303784000.17838,2614.2392768234117
2025-02-03 11:00:00+00:00,2614.7287122635303,2614.7510710773895,2579.9707098365657,2583.683178541473,87075312331.1191,2583.683178541473
2025-02-03 12:00:00+00:00,2583.44890740955,2635.4825682290125,2579.528215943923,2580.6028782230774,86874797243.17996,2580.6028782230774
2025-02-03 13:00:00+00:00,2580.3565406493476,2596.1741962276215,2552.6208227604384,2580.3635978830966,87636699255.35387,2580.3635978830966
2025-02-03 14:00:00+00:00,2580.721459291798,2644.805329046159,2534.1941107832167,2627.118882531795,91852288469.77313,2627.118882531795
2025-02-03 15:00:00+00:00,2626.749252208209,2728.851746355751,2606.9913078382897,2709.7978232846194,97068278466.11823,2709.7978232846194
2025-02-03 16:00:00+00:00,2710.074004467797,2736.423716994897,2686.1703428083424,2711.9758475639132,98168515174.17186,2711.9758475639132
2025-02-03 17:00:00+00:00,2712.1957696153427,2718.9701275605485,2672.7786108317628,2709.7829174804488,96302852262.42268,2709.7829174804488
2025-02-03 18:00:00+00:00,2710.355938631346,2735.6925574724046,2705.7725486084205,2735.6925574724046,94879699950.93204,2735.6925574724046
2025-02-03 19:00:00+00:00,2734.8385821584343,2772.663997293121,2734.752122454394,2766.365823916243,93834853161.58899,2766.365823916243
2025-02-03 20:00:00+00:00,2766.210027860474,2768.3935162134862,2700.489169831306,2706.7565532318526,94642722566.54251,2706.7565532318526
2025-02-03 21:00:00+00:00,2704.8336959595395,2812.547439452598,2703.3181015761165,2812.547439452598,94080737007.36493,2812.547439452598
2025-02-03 22:00:00+00:00,2813.0283497466016,2919.501202344222,2810.657085637197,2874.5521049594345,95374981666.07605,2874.5521049594345
2025-02-03 23:00:00+00:00,2874.358666320057,2895.6458362358603,2857.608590643371,2884.598514522014,92454575152.20432,2884.598514522014
2025-02-04 00:00:00+00:00,2883.8503231726954,2888.7112255497286,2843.096862718565,2843.1432566081794,89257262884.96622,2843.1432566081794
2025-02-04 01:00:00+00:00,2842.6139937529238,2862.77578074481,2838.5559025805674,2854.5402194532344,82204455979.98448,2854.5402194532344
2025-02-04 02:00:00+00:00,2854.3693832166646,2859.5106236059705,2805.0726121167622,2807.2648550276867,63714247962.14348,2807.2648550276867
2025-02-04 03:00:00+00:00,2806.8581594958987,2816.7376712302985,2796.001611793872,2812.4865270168743,60256694947.2528,2812.4865270168743
2025-02-04 04:00:00+00:00,2812.405499295257,2836.7995983176475,2798.742032194518,2800.881778017269,58351787841.7563,2800.881778017269
2025-02-04 05:00:00+00:00,2801.2703270372467,2806.336079832683,2669.3050760412184,2693.0698144413805,59649483521.19607,2693.0698144413805
2025-02-04 06:00:00+00:00,2692.285938870098,2729.708673810663,2692.673817110092,2725.326439298252,58559126872.842224,2725.326439298252
2025-02-04 07:00:00+00:00,2724.9774214773347,2735.7582611415273,2692.1447908384885,2705.746738209754,56541456433.749,2705.746738209754
2025-02-04 08:00:00+00:00,2705.186901427238,2723.9233056295184,2680.339365393255,2700.2059219083767,55335455411.21519,2700.2059219083767
2025-02-04 09:00:00+00:00,2700.821216975646,2718.1176815594467,2697.010602225553,2697.612143482467,53503462320.56062,2697.612143482467
2025-02-04 10:00:00+00:00,2696.8237840386464,2758.436827659886,2695.981807694497,2758.166874161881,52664644989.58465,2758.166874161881
2025-02-04 11:00:00+00:00,2757.773546377555,2789.7939763227773,2752.2261803986034,2763.2131149486604,53502176180.74886,2763.2131149486604
2025-02-04 12:00:00+00:00,2763.0357771753993,2821.501190971169,2759.0864341376873,2808.9563315753894,53471387638.14274,2808.9563315753894
2025-02-04 13:00:00+00:00,2809.745465948129,2837.6924295454587,2796.6793651919556,2796.6793651919556,52426955830.44312,2796.6793651919556
2025-02-04 14:00:00+00:00,2795.5450972022945,2843.3190428060843,2780.865522626787,2821.7630102462813,50933675016.62391,2821.7630102462813
2025-02-04 15:00:00+00:00,2821.628823679041,2828.632056895765,2735.9221218312227,2779.1090249821254,48839528881.64566,2779.1090249821254
2025-02-04 16:00:00+00:00,2779.2112104443368,2805.7639251900378,2769.673339254721,2791.679476068673,47672554320.03118,2791.679476068673
2025-02-04 17:00:00+00:00,2792.087880052582,2840.8700407410843,2787.983553305772,2819.8922427168995,48336194094.57217,2819.8922427168995
2025-02-04 18:00:00+00:00,2819.1298659081554,2835.7335952691005,2798.7790908724796,2831.7052411076243,47206353113.72234,2831.7052411076243
2025-02-04 19:00:00+00:00,2831.208414867106,2870.0822935113347,2786.1799885811197,2789.912826260218,47257458265.58033,2789.912826260218
2025-02-04 20:00:00+00:00,2789.1754892228414,2792.3299845169386,2724.3265880496147,2733.942919795453,48995854702.08569,2733.942919795453
2025-02-04 21:00:00+00:00,2735.4597168212686,2737.253107844954,2640.5071104474373,2646.1213004147103,50386961184.560104,2646.1213004147103
2025-02-04 22:00:00+00:00,2641.2956573205843,2700.127123842566,2636.3330585107824,2678.5221876640453,48276484445.41154,2678.5221876640453
2025-02-04 23:00:00+00:00,2678.373624196775,2746.3583807064524,2678.6117166850595,2735.254139838618,48798896440.34864,2735.254139838618
2025-02-05 00:00:00+00:00,2735.4287050426083,2745.7308685010375,2715.928879837842,2734.211064832921,48909357032.48819,2734.211064832921
2025-02-05 01:00:00+00:00,2734.477693133749,2764.8265336410986,2719.8090892184973,2723.3809088751063,48548613173.11242,2723.3809088751063
2025-02-05 02:00:00+00:00,2723.4609111654922,2749.168769480029,2701.9209224254582,2743.3300531783034,49155398821.56013,2743.3300531783034
2025-02-05 03:00:00+00:00,2743.3471309773327,2745.798784777351,2721.7414596174954,2722.4607018679812,49452550783.59097,2722.4607018679812
2025-02-05 04:00:00+00:00,2722.270497686706,2736.633036443315,2715.353487981869,2727.7655269951656,48121035079.90853,2727.7655269951656
2025-02-05 05:00:00+00:00,2728.765947031152,2784.308682565317,2710.615957593592,2783.4743930184327,44045972148.12706,2783.4743930184327
2025-02-05 06:00:00+00:00,2784.85609609129,2787.2962040192883,2740.832900156858,2743.991409072611,44039007650.42376,2743.991409072611
2025-02-05 07:00:00+00:00,2743.6273182113155,2774.0496340643535,2738.0011890881096,2761.817280408323,43029311274.8872,2761.817280408323
2025-02-05 08:00:00+00:00,2761.718392565354,2779.998727235268,2756.7916579152443,2772.2911924233654,43049411909.78225,2772.2911924233654
2025-02-05 09:00:00+00:00,2772.663896441587,2791.547976180961,2749.3812382538417,2760.347547434627,43643353628.26881,2760.347547434627
2025-02-05 10:00:00+00:00,2761.253326141798,2786.460733428093,2758.234301777987,2781.4400016056334,43134328991.56958,2781.4400016056334
2025-02-05 11:00:00+00:00,2781.3422512696507,2818.498342326867,2779.847850759787,2801.523299639539,42256810137.646805,2801.523299639539
2025-02-05 12:00:00+00:00,2801.278881713051,2810.9268566204264,2786.0851287637734,2786.9498203148178,41822783600.62281,2786.9498203148178
2025-02-05 13:00:00+00:00,2786.7742218063822,2820.5174273927396,2786.6786967878165,2820.002841794487,41166438697.72327,2820.002841794487
2025-02-05 14:00:00+00:00,2820.0052529208738,2824.53439351473,2778.99181683961,2781.6796926043658,40224596663.74996,2781.6796926043658
2025-02-05 15:00:00+00:00,2782.0856758105306,2799.0360963959856,2761.864335445622,2771.388407672051,38300020608.600174,2771.388407672051
2025-02-05 16:00:00+00:00,2771.393749844466,2782.2984459211903,2737.300962718912,2771.7630867460275,37889476862.68531,2771.7630867460275
2025-02-05 17:00:00+00:00,2772.079564377354,2780.188600538233,2733.792549148053,2744.2261975215088,39571279476.87942,2744.2261975215088
2025-02-05 18:00:00+00:00,2743.6007883885827,2753.8068032417896,2717.221565955883,2724.160449745356,38881100721.73542,2724.160449745356
2025-02-05 19:00:00+00:00,2724.7076445531206,2785.2926973006915,2718.318046734019,2775.5847233383524,36870828268.012886,2775.5847233383524
2025-02-05 20:00:00+00:00,2775.198283099191,2781.7870620416306,2744.7265113754565,2765.193531333639,35724823959.04613,2765.193531333639
2025-02-05 21:00:00+00:00,2765.379997387416,2790.6474023313035,2756.8612106326527,2785.767385757127,32532551134.814144,2785.767385757127
2025-02-05 22:00:00+00:00,2786.3844831099236,2801.4803087624277,2742.5997702876393,2758.94151481629,31534661570.85266,2758.94151481629
2025-02-05 23:00:00+00:00,2759.185795998895,2792.686943054682,2757.1632275531074,2787.8439984139136,31961509978.024952,2787.8439984139136
2025-02-06 00:00:00+00:00,2787.723652117832,2798.0566309524083,2762.266165932978,2768.217408313658,30920254151.816986,2768.217408313658
2025-02-06 01:00:00+00:00,2768.049015509484,2811.6068308888925,2757.4799883580577,2790.996809035264,30975500935.014492,2790.996809035264
2025-02-06 02:00:00+00:00,2791.0776109029766,2815.2628279145283,2788.332899979297,2809.6472603897428,31401359286.495415,2809.6472603897428
2025-02-06 03:00:00+00:00,2809.151915742015,2818.929140179431,2791.533173090821,2806.8255184997693,31029017333.811367,2806.8255184997693
2025-02-06 04:00:00+00:00,2806.4287712333,2831.383375820598,2806.1491703112783,2821.845565608351,31619962976.170135,2821.845565608351
2025-02-06 05:00:00+00:00,2821.2888230926214,2848.398053425062,2821.066868178524,2832.6032507471105,30761874831.321484,2832.6032507471105
2025-02-06 06:00:00+00:00,2833.4243827754535,2855.4468858554287,2825.7460393639867,2855.4468858554287,30645598478.726658,2855.4468858554287
2025-02-06 07:00:00+00:00,2855.3609058426264,2855.441140632757,2829.059933823278,2832.995138881267,29497503876.503166,2832.995138881267
2025-02-06 08:00:00+00:00,2832.74447504342,2845.885574370509,2825.652845867258,2830.3814024098506,29380134143.343372,2830.3814024098506
2025-02-06 09:00:00+00:00,2830.8641819228083,2857.00282552703,2828.2206839221553,2855.5703614650843,28895624176.096905,2855.5703614650843
2025-02-06 10:00:00+00:00,2856.138184725298,2855.9324421160413,2823.5114798151203,2829.359308588847,29210855779.060764,2829.359308588847
2025-02-06 11:00:00+00:00,2829.760738665424,2831.4810942762238,2795.6627611453528,2806.6708145346342,28941525375.06694,2806.6708145346342
