,hour,open,high,low,close
0,2025-01-07 13:00:00+00:00,3637.648357296885,3637.648357296885,3637.648357296885,3637.648357296885
1,2025-01-07 14:00:00+00:00,3626.027067588208,3626.027067588208,3573.116957195232,3573.116957195232
2,2025-01-07 15:00:00+00:00,3558.49789816036,3567.404826588503,3429.931729284581,3465.440808516278
3,2025-01-07 16:00:00+00:00,3461.631109827075,3478.633874897579,3461.284981328942,3469.60162544
4,2025-01-07 17:00:00+00:00,3469.60162544,3469.60162544,3431.9902028805145,3437.829256066657
5,2025-01-07 18:00:00+00:00,3440.9245403044697,3446.089541651784,3421.368037213959,3421.368037213959
6,2025-01-07 19:00:00+00:00,3425.47593771439,3425.8184853081616,3390.3763636054755,3390.3763636054755
7,2025-01-07 20:00:00+00:00,3386.649186284601,3386.9878512032305,3374.142361519468,3384.279479831568
8,2025-01-07 21:00:00+00:00,3387.3265499883505,3401.582525304347,3373.1303212258176,3373.1303212258176
9,2025-01-07 22:00:00+00:00,3369.0851946546386,3387.3265499883505,3369.0851946546386,3387.3265499883505
10,2025-01-07 23:00:00+00:00,3386.649186284601,3386.649186284601,3385.6333946938066,3385.6333946938066
11,2025-01-08 00:00:00+00:00,3389.3594540850777,3405.326137513944,3389.3594540850777,3405.326137513944
12,2025-01-08 01:00:00+00:00,3403.283656759269,3403.283656759269,3387.3265499883505,3387.3265499883505
13,2025-01-08 02:00:00+00:00,3390.715401241836,3392.07189085882,3390.715401241836,3392.07189085882
14,2025-01-08 03:00:00+00:00,3387.665282643349,3387.665282643349,3352.617878424381,3352.617878424381
15,2025-01-08 04:00:00+00:00,3352.617878424381,3364.3720110356903,3352.617878424381,3353.6237643697973
16,2025-01-08 05:00:00+00:00,3347.592972469444,3361.00948868934,3347.592972469444,3354.965415106385
17,2025-01-08 06:00:00+00:00,3352.617878424381,3352.617878424381,3316.937879489017,3316.937879489017
18,2025-01-08 07:00:00+00:00,3316.60621886713,3347.9277317666915,3315.942997108278,3347.9277317666915
19,2025-01-08 08:00:00+00:00,3349.9369906618745,3366.0545335120546,3349.9369906618745,3366.0545335120546
20,2025-01-08 09:00:00+00:00,3366.391138965406,3366.391138965406,3356.307602583773,3356.307602583773
21,2025-01-08 10:00:00+00:00,3357.650327016688,3361.345589638209,3357.650327016688,3361.345589638209
22,2025-01-08 11:00:00+00:00,3360.3373876084443,3360.3373876084443,3333.2299434695788,3343.912828654013
23,2025-01-08 12:00:00+00:00,3346.2542699728133,3348.9322105274005,3346.2542699728133,3348.262524539868
24,2025-01-08 13:00:00+00:00,3350.6070115593766,3354.2945226589086,3350.6070115593766,3354.2945226589086
25,2025-01-08 14:00:00+00:00,3356.307602583773,3367.737897417926,3356.307602583773,3362.0178923695926
26,2025-01-08 15:00:00+00:00,3364.3720110356903,3375.1547054555685,3343.578470806933,3343.578470806933
27,2025-01-08 16:00:00+00:00,3341.907182991298,3341.907182991298,3321.2524868927794,3321.2524868927794
28,2025-01-08 17:00:00+00:00,3318.928539823736,3318.928539823736,3213.445149026412,3252.887315797693
29,2025-01-08 18:00:00+00:00,3253.537925789726,3318.59668015572,3253.537925789726,3275.081213605119
30,2025-01-08 19:00:00+00:00,3279.013473335726,3297.756279262368,3279.013473335726,3284.9207171550224
31,2025-01-08 20:00:00+00:00,3284.9207171550224,3284.9207171550224,3273.771508562309,3280.653308006533
32,2025-01-08 21:00:00+00:00,3282.293962758675,3293.142881269536,3276.391442608535,3293.142881269536
33,2025-01-08 22:00:00+00:00,3297.0968269260147,3323.2457366392177,3297.0968269260147,3323.2457366392177
34,2025-01-08 23:00:00+00:00,3323.2457366392177,3323.2457366392177,3323.2457366392177,3323.2457366392177
35,2025-01-09 00:00:00+00:00,3323.910419019004,3331.8969847485328,3323.910419019004,3331.8969847485328
36,2025-01-09 01:00:00+00:00,3334.230012452851,3350.2719843609407,3334.230012452851,3350.2719843609407
37,2025-01-09 02:00:00+00:00,3350.2719843609407,3350.2719843609407,3312.2976473858103,3333.896622790572
38,2025-01-09 03:00:00+00:00,3332.563397464452,3332.563397464452,3325.90526392346,3325.90526392346
39,2025-01-09 04:00:00+00:00,3324.575234341911,3331.2307052951664,3320.588336019692,3331.2307052951664
40,2025-01-09 06:00:00+00:00,3331.2307052951664,3331.2307052951664,3322.9134452946887,3322.9134452946887
41,2025-01-09 07:00:00+00:00,3321.5846121414693,3321.5846121414693,3289.851548892595,3289.851548892595
42,2025-01-09 08:00:00+00:00,3280.325275478985,3312.9601400382635,3280.325275478985,3311.635287212014
43,2025-01-09 09:00:00+00:00,3311.304156796335,3315.942997108278,3311.304156796335,3315.611435964682
44,2025-01-09 10:00:00+00:00,3314.2855228851395,3314.2855228851395,3295.119261035597,3301.055519927756
45,2025-01-09 11:00:00+00:00,3304.688497124995,3312.9601400382635,3302.045935618701,3302.045935618701
46,2025-01-09 12:00:00+00:00,3302.045935618701,3302.045935618701,3288.2071164807594,3288.2071164807594
47,2025-01-09 13:00:00+00:00,3285.9062919210755,3285.9062919210755,3229.874757712469,3229.874757712469
48,2025-01-09 14:00:00+00:00,3228.9059890453477,3246.3883672228944,3197.41882378379,3239.902402907456
49,2025-01-09 15:00:00+00:00,3240.2263931477464,3323.910419019004,3240.2263931477464,3323.910419019004
50,2025-01-09 16:00:00+00:00,3323.910419019004,3323.910419019004,3299.075579652641,3303.3669521289125
51,2025-01-09 17:00:00+00:00,3301.3856254797483,3301.3856254797483,3241.5226781315505,3245.4146454635707
52,2025-01-09 18:00:00+00:00,3249.311285725945,3260.7032299119005,3249.311285725945,3260.7032299119005
53,2025-01-09 19:00:00+00:00,3259.725214552519,3259.725214552519,3205.1014603117983,3205.1014603117983
54,2025-01-09 20:00:00+00:00,3201.5779631560818,3201.5779631560818,3167.822146388777,3191.349798864137
55,2025-01-09 21:00:00+00:00,3193.584414018508,3216.3384067707584,3193.584414018508,3213.445149026412
56,2025-01-09 22:00:00+00:00,3210.2334705654894,3228.9059890453477,3198.058339522735,3228.9059890453477
57,2025-01-09 23:00:00+00:00,3228.9059890453477,3228.9059890453477,3220.5221563636205,3220.5221563636205
58,2025-01-10 00:00:00+00:00,3220.5221563636205,3223.7441281414845,3220.5221563636205,3223.7441281414845
59,2025-01-10 01:00:00+00:00,3223.7441281414845,3234.399522735294,3223.7441281414845,3234.399522735294
60,2025-01-10 02:00:00+00:00,3235.693476621297,3249.311285725945,3235.693476621297,3249.311285725945
61,2025-01-10 03:00:00+00:00,3249.311285725945,3249.636216854517,3231.490018111102,3249.636216854517
62,2025-01-10 04:00:00+00:00,3249.636216854517,3253.537925789726,3249.636216854517,3253.537925789726
63,2025-01-10 05:00:00+00:00,3252.562059591734,3270.826586861772,3250.9362663324305,3270.826586861772
64,2025-01-10 06:00:00+00:00,3270.172519656115,3270.172519656115,3270.172519656115,3270.172519656115
65,2025-01-10 07:00:00+00:00,3270.172519656115,3302.706377826284,3270.172519656115,3302.706377826284
66,2025-01-10 08:00:00+00:00,3301.715764042296,3301.715764042296,3296.437506460348,3296.437506460348
67,2025-01-10 09:00:00+00:00,3296.7671502109933,3300.065401302103,3296.7671502109933,3300.065401302103
68,2025-01-10 10:00:00+00:00,3300.065401302103,3310.6419952908577,3300.065401302103,3310.6419952908577
69,2025-01-10 11:00:00+00:00,3310.9730594903863,3310.9730594903863,3306.0105708183737,3306.0105708183737
70,2025-01-10 12:00:00+00:00,3306.0105708183737,3306.0105708183737,3302.3761402122627,3302.3761402122627
71,2025-01-10 13:00:00+00:00,3306.0105708183737,3306.0105708183737,3229.228879644252,3246.713006059617
72,2025-01-10 14:00:00+00:00,3248.9863870872355,3268.537923807732,3246.713006059617,3251.261359959064
73,2025-01-10 15:00:00+00:00,3250.9362663324305,3268.2111026974626,3177.339405724324,3250.2861765942503
74,2025-01-10 16:00:00+00:00,3247.0376773602225,3251.586486095059,3242.4952321839114,3251.586486095059
75,2025-01-10 17:00:00+00:00,3251.586486095059,3311.635287212014,3251.586486095059,3311.635287212014
76,2025-01-10 18:00:00+00:00,3307.0024731732424,3307.0024731732424,3292.484351474397,3292.484351474397
77,2025-01-10 19:00:00+00:00,3292.484351474397,3292.484351474397,3282.293962758675,3289.193677265205
78,2025-01-10 20:00:00+00:00,3290.509552100889,3290.509552100889,3268.864777600113,3268.864777600113
79,2025-01-10 21:00:00+00:00,3268.864777600113,3268.864777600113,3267.5575585101847,3267.884314266036
80,2025-01-10 22:00:00+00:00,3267.884314266036,3270.826586861772,3264.291797389703,3270.826586861772
81,2025-01-10 23:00:00+00:00,3270.826586861772,3270.826586861772,3270.826586861772,3270.826586861772
82,2025-01-11 00:00:00+00:00,3270.826586861772,3270.826586861772,3267.5575585101847,3267.5575585101847
83,2025-01-11 01:00:00+00:00,3264.6182265694424,3264.6182265694424,3245.090136449925,3245.090136449925
84,2025-01-11 03:00:00+00:00,3243.792424839469,3243.792424839469,3242.4952321839114,3242.4952321839114
85,2025-01-11 04:00:00+00:00,3242.4952321839114,3242.4952321839114,3238.2829375779884,3238.2829375779884
86,2025-01-11 06:00:00+00:00,3238.2829375779884,3239.2545196109886,3238.2829375779884,3239.2545196109886
87,2025-01-11 07:00:00+00:00,3239.2545196109886,3239.2545196109886,3234.722962687568,3234.722962687568
88,2025-01-11 08:00:00+00:00,3234.722962687568,3234.722962687568,3228.5831307322737,3228.5831307322737
89,2025-01-11 09:00:00+00:00,3228.260304701804,3232.782808020673,3228.260304701804,3232.782808020673
90,2025-01-11 10:00:00+00:00,3233.4293969101054,3244.116804081953,3233.4293969101054,3244.116804081953
91,2025-01-11 11:00:00+00:00,3245.739186928117,3269.1916640778727,3245.739186928117,3269.1916640778727
92,2025-01-11 12:00:00+00:00,3269.1916640778727,3269.1916640778727,3269.1916640778727,3269.1916640778727
93,2025-01-11 13:00:00+00:00,3267.5575585101847,3267.5575585101847,3266.250862177197,3266.250862177197
94,2025-01-11 14:00:00+00:00,3266.250862177197,3268.864777600113,3266.250862177197,3268.864777600113
95,2025-01-11 15:00:00+00:00,3271.4807848874093,3271.4807848874093,3271.1536695204577,3271.1536695204577
96,2025-01-11 16:00:00+00:00,3271.1536695204577,3271.1536695204577,3271.1536695204577,3271.1536695204577
97,2025-01-11 17:00:00+00:00,3269.845535102605,3269.845535102605,3268.537923807732,3268.537923807732
98,2025-01-11 18:00:00+00:00,3268.537923807732,3268.537923807732,3268.537923807732,3268.537923807732
99,2025-01-11 19:00:00+00:00,3269.1916640778727,3272.1351137591946,3265.2711828609386,3267.230835426642
100,2025-01-11 20:00:00+00:00,3267.5575585101847,3288.8647907861264,3267.5575585101847,3288.8647907861264
101,2025-01-11 21:00:00+00:00,3290.1805340474843,3308.987170773662,3290.1805340474843,3308.987170773662
102,2025-01-11 22:00:00+00:00,3306.671805992643,3306.671805992643,3295.448772961701,3296.1078956707806
103,2025-01-11 23:00:00+00:00,3293.8015427772184,3293.8015427772184,3291.1676869164044,3291.1676869164044
104,2025-01-12 00:00:00+00:00,3291.1676869164044,3291.1676869164044,3288.2071164807594,3288.2071164807594
105,2025-01-12 01:00:00+00:00,3286.892162389126,3286.892162389126,3282.622192154951,3282.622192154951
106,2025-01-12 02:00:00+00:00,3276.063836224913,3278.029966001749,3276.063836224913,3278.029966001749
107,2025-01-12 03:00:00+00:00,3278.029966001749,3279.013473335726,3278.029966001749,3279.013473335726
108,2025-01-12 05:00:00+00:00,3279.013473335726,3279.013473335726,3279.013473335726,3279.013473335726
109,2025-01-12 06:00:00+00:00,3279.013473335726,3279.013473335726,3276.391442608535,3276.391442608535
110,2025-01-12 07:00:00+00:00,3274.7537382312967,3274.7537382312967,3272.462327270571,3272.462327270571
111,2025-01-12 08:00:00+00:00,3272.462327270571,3272.462327270571,3242.81948170713,3242.81948170713
112,2025-01-12 09:00:00+00:00,3240.5504157870614,3240.5504157870614,3233.1060863014754,3234.722962687568
113,2025-01-12 10:00:00+00:00,3234.722962687568,3234.722962687568,3234.722962687568,3234.722962687568
114,2025-01-12 11:00:00+00:00,3234.722962687568,3247.687117366071,3234.722962687568,3247.687117366071
115,2025-01-12 12:00:00+00:00,3247.362381127959,3253.537925789726,3247.362381127959,3253.537925789726
116,2025-01-12 13:00:00+00:00,3253.537925789726,3258.7474925390734,3253.537925789726,3258.7474925390734
117,2025-01-12 14:00:00+00:00,3260.051187073974,3271.8079329658985,3260.051187073974,3271.8079329658985
118,2025-01-12 15:00:00+00:00,3271.8079329658985,3301.3856254797483,3271.8079329658985,3286.5635060385225
119,2025-01-12 16:00:00+00:00,3285.5777341476605,3285.5777341476605,3276.391442608535,3276.391442608535
120,2025-01-12 17:00:00+00:00,3277.374458336337,3280.981373337333,3277.374458336337,3280.981373337333
121,2025-01-12 18:00:00+00:00,3280.981373337333,3289.193677265205,3280.981373337333,3288.8647907861264
122,2025-01-12 19:00:00+00:00,3288.8647907861264,3288.8647907861264,3283.278749419604,3283.278749419604
123,2025-01-12 20:00:00+00:00,3281.9657661820565,3281.9657661820565,3275.40872172648,3275.40872172648
124,2025-01-12 21:00:00+00:00,3281.6376024218143,3281.6376024218143,3271.4807848874093,3271.4807848874093
125,2025-01-12 22:00:00+00:00,3270.172519656115,3270.172519656115,3242.4952321839114,3242.4952321839114
126,2025-01-12 23:00:00+00:00,3244.441215762361,3262.333907629788,3244.441215762361,3262.333907629788
127,2025-01-13 00:00:00+00:00,3263.312705675356,3326.237854449853,3263.312705675356,3316.60621886713
128,2025-01-13 01:00:00+00:00,3314.6169514374283,3314.6169514374283,3261.355403164915,3261.355403164915
129,2025-01-13 02:00:00+00:00,3261.355403164915,3261.355403164915,3247.362381127959,3247.362381127959
130,2025-01-13 03:00:00+00:00,3248.661520935142,3254.839536185332,3245.090136449925,3245.090136449925
131,2025-01-13 04:00:00+00:00,3245.090136449925,3248.336687266416,3245.090136449925,3247.0376773602225
132,2025-01-13 05:00:00+00:00,3245.4146454635707,3245.4146454635707,3223.421785962888,3223.421785962888
133,2025-01-13 06:00:00+00:00,3223.421785962888,3223.421785962888,3189.11674731487,3189.11674731487
134,2025-01-13 07:00:00+00:00,3190.073578015756,3197.7385656661686,3190.073578015756,3197.7385656661686
135,2025-01-13 08:00:00+00:00,3197.7385656661686,3197.7385656661686,3164.6560658478747,3169.089465329333
136,2025-01-13 09:00:00+00:00,3166.8719897825163,3166.8719897825163,3143.21047450519,3155.176797617286
137,2025-01-13 10:00:00+00:00,3153.599682384588,3153.599682384588,3102.615208978462,3110.381061986476
138,2025-01-13 11:00:00+00:00,3113.1815249407564,3113.1815249407564,3017.5545797197665,3057.648332153424
139,2025-01-13 12:00:00+00:00,3057.342597893635,3081.898202378421,3042.703247925107,3052.455005229332
140,2025-01-13 13:00:00+00:00,3052.455005229332,3078.8179985422576,3036.320594363572,3062.2380165740497
141,2025-01-13 14:00:00+00:00,3056.425578524254,3056.425578524254,2894.3160947491124,3037.231581634535
142,2025-01-13 15:00:00+00:00,3035.10636969717,3065.301632965264,3034.802889408229,3055.814385089092
143,2025-01-13 16:00:00+00:00,3050.9292354881536,3050.9292354881536,3008.2151111435583,3008.2151111435583
144,2025-01-13 17:00:00+00:00,3002.505214042371,3026.3177503058614,3002.505214042371,3011.2246803125504
145,2025-01-13 18:00:00+00:00,3013.63450336836,3023.293096364745,2983.6498307657,3005.5090707441227
146,2025-01-13 19:00:00+00:00,3007.613558355752,3027.225736423512,3004.00676692994,3026.015148790982
147,2025-01-13 20:00:00+00:00,3024.8050452724715,3092.3939641718025,3019.6675017176567,3092.3939641718025
148,2025-01-13 21:00:00+00:00,3095.178232261184,3108.8263379038003,3094.5592894577,3108.8263379038003
149,2025-01-13 22:00:00+00:00,3110.0700549809776,3132.855492796275,3110.0700549809776,3129.724359684996
150,2025-01-13 23:00:00+00:00,3129.724359684996,3130.350335854177,3129.724359684996,3130.350335854177
151,2025-01-14 00:00:00+00:00,3132.855492796275,3136.303357425896,3132.855492796275,3134.1088229772554
152,2025-01-14 01:00:00+00:00,3134.1088229772554,3150.7628612701114,3134.1088229772554,3145.411382021567
153,2025-01-14 02:00:00+00:00,3142.26769992404,3158.965092885408,3140.382999004375,3158.965092885408
154,2025-01-14 03:00:00+00:00,3158.965092885408,3164.3396318846867,3158.965092885408,3164.3396318846867
155,2025-01-14 04:00:00+00:00,3164.3396318846867,3164.3396318846867,3164.3396318846867,3164.3396318846867
156,2025-01-14 05:00:00+00:00,3167.1886769814946,3170.9913944353366,3167.1886769814946,3168.7725880705266
157,2025-01-14 06:00:00+00:00,3166.555334249091,3176.386394511202,3164.97253145446,3176.386394511202
158,2025-01-14 07:00:00+00:00,3178.610532139687,3180.2001552985976,3178.610532139687,3180.2001552985976
159,2025-01-14 08:00:00+00:00,3178.610532139687,3183.700125104349,3178.610532139687,3183.700125104349
160,2025-01-14 09:00:00+00:00,3184.336896966372,3244.7656598839376,3184.336896966372,3244.7656598839376
161,2025-01-14 10:00:00+00:00,3237.63537812601,3237.63537812601,3230.520764962759,3230.520764962759
162,2025-01-14 11:00:00+00:00,3230.520764962759,3230.520764962759,3219.5561929158407,3219.5561929158407
163,2025-01-14 12:00:00+00:00,3218.2686923299134,3218.2686923299134,3180.2001552985976,3182.108752485409
164,2025-01-14 13:00:00+00:00,3176.386394511202,3242.4952321839114,3176.386394511202,3212.4813082562832
165,2025-01-14 14:00:00+00:00,3209.9124793175574,3222.132739526224,3195.8205938728347,3195.8205938728347
166,2025-01-14 15:00:00+00:00,3198.378145356687,3204.780982213577,3198.378145356687,3204.460536159961
167,2025-01-14 16:00:00+00:00,3202.5385325955685,3202.5385325955685,3178.2927028694003,3187.203946802448
168,2025-01-14 17:00:00+00:00,3189.7546025555007,3201.8981209523968,3189.7546025555007,3201.8981209523968
169,2025-01-14 18:00:00+00:00,3201.8981209523968,3221.488409629415,3201.8981209523968,3221.488409629415
170,2025-01-14 19:00:00+00:00,3222.132739526224,3224.3889092045533,3221.166293000115,3221.166293000115
171,2025-01-14 20:00:00+00:00,3217.3034047861584,3217.3034047861584,3204.460536159961,3214.409278977688
172,2025-01-14 21:00:00+00:00,3215.6952355666926,3222.454952800177,3215.6952355666926,3222.132739526224
173,2025-01-14 22:00:00+00:00,3222.132739526224,3229.551802532216,3220.8442085792567,3229.551802532216
174,2025-01-14 23:00:00+00:00,3229.551802532216,3229.551802532216,3229.551802532216,3229.551802532216
175,2025-01-15 00:00:00+00:00,3228.260304701804,3231.16690142096,3226.6466586755323,3227.614749475761
176,2025-01-15 01:00:00+00:00,3226.324026272905,3233.7527398497964,3226.324026272905,3233.7527398497964
177,2025-01-15 02:00:00+00:00,3231.490018111102,3231.490018111102,3214.7307199055854,3214.7307199055854
178,2025-01-15 03:00:00+00:00,3215.052192977576,3230.197745188241,3215.052192977576,3230.197745188241
179,2025-01-15 04:00:00+00:00,3235.369939627334,3239.2545196109886,3231.8131671129127,3231.8131671129127
180,2025-01-15 05:00:00+00:00,3230.520764962759,3230.520764962759,3224.3889092045533,3224.3889092045533
181,2025-01-15 06:00:00+00:00,3224.3889092045533,3224.3889092045533,3223.421785962888,3223.421785962888
182,2025-01-15 07:00:00+00:00,3226.324026272905,3238.6067658717466,3226.324026272905,3238.6067658717466
183,2025-01-15 08:00:00+00:00,3238.6067658717466,3238.6067658717466,3238.6067658717466,3238.6067658717466
184,2025-01-15 09:00:00+00:00,3238.6067658717466,3238.6067658717466,3204.780982213577,3204.780982213577
185,2025-01-15 10:00:00+00:00,3203.179072327473,3207.6664390879646,3203.179072327473,3207.6664390879646
186,2025-01-15 11:00:00+00:00,3205.421970457829,3205.421970457829,3195.181525615896,3195.181525615896
187,2025-01-15 12:00:00+00:00,3193.584414018508,3200.6176818298013,3193.584414018508,3200.6176818298013
188,2025-01-15 13:00:00+00:00,3200.6176818298013,3288.535937192408,3200.6176818298013,3288.535937192408
189,2025-01-15 14:00:00+00:00,3291.496803685096,3320.256310388653,3287.220851605365,3320.256310388653
190,2025-01-15 15:00:00+00:00,3323.2457366392177,3341.5730256887296,3320.920394853294,3341.5730256887296
191,2025-01-15 16:00:00+00:00,3341.907182991298,3356.307602583773,3341.907182991298,3349.6020304588283
192,2025-01-15 17:00:00+00:00,3349.6020304588283,3349.6020304588283,3334.896891797642,3334.896891797642
193,2025-01-15 18:00:00+00:00,3337.565743268987,3364.3720110356903,3337.565743268987,3364.3720110356903
194,2025-01-15 19:00:00+00:00,3365.3814235735263,3434.049911869417,3365.3814235735263,3434.049911869417
195,2025-01-15 20:00:00+00:00,3434.7367561922906,3465.7873525971304,3434.7367561922906,3444.367013673801
196,2025-01-15 21:00:00+00:00,3444.0226114126594,3444.0226114126594,3434.393316860605,3435.08022986791
197,2025-01-15 22:00:00+00:00,3435.08022986791,3435.08022986791,3428.217277789675,3428.217277789675
198,2025-01-15 23:00:00+00:00,3428.217277789675,3443.333910197281,3428.217277789675,3443.333910197281
199,2025-01-16 00:00:00+00:00,3448.5025281303683,3448.5025281303683,3399.20236969408,3399.20236969408
200,2025-01-16 01:00:00+00:00,3400.222232384458,3402.2628758252336,3400.222232384458,3402.2628758252336
201,2025-01-16 02:00:00+00:00,3401.2424010642408,3401.2424010642408,3392.75033915771,3392.75033915771
202,2025-01-16 03:00:00+00:00,3390.3763636054755,3390.3763636054755,3357.9860920493898,3357.9860920493898
203,2025-01-16 04:00:00+00:00,3357.9860920493898,3365.3814235735263,3357.9860920493898,3365.3814235735263
204,2025-01-16 05:00:00+00:00,3366.0545335120546,3366.0545335120546,3366.0545335120546,3366.0545335120546
205,2025-01-16 06:00:00+00:00,3367.0644508571104,3376.84262035752,3367.0644508571104,3376.84262035752
206,2025-01-16 07:00:00+00:00,3379.5450401588664,3379.5450401588664,3379.5450401588664,3379.5450401588664
207,2025-01-16 08:00:00+00:00,3377.1803046195555,3377.1803046195555,3313.6227651958725,3313.6227651958725
208,2025-01-16 09:00:00+00:00,3312.2976473858103,3327.2358255966496,3310.310964194438,3327.2358255966496
209,2025-01-16 10:00:00+00:00,3328.5669195743467,3331.563828365696,3328.5669195743467,3331.563828365696
210,2025-01-16 11:00:00+00:00,3331.563828365696,3344.2472199368785,3331.563828365696,3344.2472199368785
211,2025-01-16 12:00:00+00:00,3346.588895399811,3353.959126746234,3346.588895399811,3353.959126746234
212,2025-01-16 13:00:00+00:00,3351.612294184405,3351.612294184405,3319.260432677718,3331.8969847485328
213,2025-01-16 14:00:00+00:00,3329.898546069506,3330.897615533613,3274.7537382312967,3282.9504543741664
214,2025-01-16 15:00:00+00:00,3279.6693088205284,3321.2524868927794,3279.013473335726,3321.2524868927794
215,2025-01-16 16:00:00+00:00,3322.9134452946887,3347.9277317666915,3322.9134452946887,3342.575597846969
216,2025-01-16 17:00:00+00:00,3342.575597846969,3353.6237643697973,3342.575597846969,3349.2671037484533
217,2025-01-16 18:00:00+00:00,3345.585119493064,3345.585119493064,3321.5846121414693,3321.5846121414693
218,2025-01-16 19:00:00+00:00,3321.5846121414693,3335.230381486821,3321.5846121414693,3335.230381486821
219,2025-01-16 20:00:00+00:00,3337.8994998433136,3342.575597846969,3336.56467376658,3336.56467376658
220,2025-01-16 21:00:00+00:00,3334.896891797642,3334.896891797642,3321.916770602683,3321.916770602683
221,2025-01-16 22:00:00+00:00,3317.601300234294,3317.601300234294,3280.981373337333,3288.2071164807594
222,2025-01-16 23:00:00+00:00,3289.522596632932,3301.715764042296,3289.522596632932,3301.715764042296
223,2025-01-17 00:00:00+00:00,3302.706377826284,3307.3331734205594,3302.706377826284,3307.3331734205594
224,2025-01-17 01:00:00+00:00,3308.656305143148,3376.84262035752,3308.656305143148,3376.84262035752
225,2025-01-17 02:00:00+00:00,3378.5313793857304,3385.294865207285,3366.0545335120546,3366.0545335120546
226,2025-01-17 03:00:00+00:00,3367.0644508571104,3367.0644508571104,3367.0644508571104,3367.0644508571104
227,2025-01-17 04:00:00+00:00,3365.3814235735263,3365.3814235735263,3357.650327016688,3362.0178923695926
228,2025-01-17 05:00:00+00:00,3363.362901261062,3365.717961715883,3363.362901261062,3365.717961715883
229,2025-01-17 06:00:00+00:00,3365.717961715883,3365.717961715883,3365.717961715883,3365.717961715883
230,2025-01-17 07:00:00+00:00,3367.737897417926,3373.4676342579405,3367.737897417926,3373.4676342579405
231,2025-01-17 08:00:00+00:00,3375.4922209261144,3403.964347523457,3375.4922209261144,3403.964347523457
232,2025-01-17 09:00:00+00:00,3403.964347523457,3403.964347523457,3403.6239851249447,3403.6239851249447
233,2025-01-17 10:00:00+00:00,3405.326137513944,3426.161067156692,3405.326137513944,3423.763713447056
234,2025-01-17 11:00:00+00:00,3424.1060898184005,3424.1060898184005,3420.341832050669,3420.341832050669
235,2025-01-17 12:00:00+00:00,3419.9998320674617,3419.9998320674617,3389.698390030486,3407.029141149369
236,2025-01-17 13:00:00+00:00,3407.029141149369,3412.8257265665457,3407.029141149369,3407.369844063485
237,2025-01-17 14:00:00+00:00,3408.73299645693,3422.052345035082,3408.73299645693,3420.6838662338737
238,2025-01-17 15:00:00+00:00,3424.448500427383,3439.204594052591,3417.60678949776,3418.6321740662297
239,2025-01-17 16:00:00+00:00,3421.368037213959,3440.236458610383,3421.368037213959,3440.236458610383
240,2025-01-17 17:00:00+00:00,3439.8924693634467,3439.8924693634467,3419.657866280834,3419.657866280834
241,2025-01-17 18:00:00+00:00,3419.657866280834,3421.368037213959,3419.657866280834,3421.368037213959
242,2025-01-17 19:00:00+00:00,3419.315934687365,3436.7981135252194,3419.315934687365,3430.960811704748
243,2025-01-17 20:00:00+00:00,3430.960811704748,3516.0532229415608,3430.960811704748,3516.0532229415608
244,2025-01-17 21:00:00+00:00,3515.350117764506,3515.350117764506,3477.590493418361,3477.590493418361
245,2025-01-17 22:00:00+00:00,3481.417756209809,3481.417756209809,3479.6775694225425,3479.6775694225425
246,2025-01-17 23:00:00+00:00,3475.8522196885347,3475.8522196885347,3474.8096725390083,3475.157153506262
247,2025-01-18 00:00:00+00:00,3475.157153506262,3484.2038654067323,3475.157153506262,3484.2038654067323
248,2025-01-18 01:00:00+00:00,3482.8105322112847,3482.8105322112847,3468.907809189084,3468.907809189084
249,2025-01-18 02:00:00+00:00,3468.2141316806064,3468.2141316806064,3460.246803477035,3460.246803477035
250,2025-01-18 03:00:00+00:00,3460.246803477035,3460.246803477035,3379.5450401588664,3383.9410857229955
251,2025-01-18 04:00:00+00:00,3383.2643990105494,3384.279479831568,3360.673421347205,3362.690329568245
252,2025-01-18 05:00:00+00:00,3356.307602583773,3356.307602583773,3301.055519927756,3301.055519927756
253,2025-01-18 06:00:00+00:00,3301.055519927756,3328.2340961647305,3301.055519927756,3322.2489622797434
254,2025-01-18 07:00:00+00:00,3320.588336019692,3320.588336019692,3289.522596632932,3289.522596632932
255,2025-01-18 08:00:00+00:00,3286.234882550268,3286.234882550268,3262.9864070346525,3284.9207171550224
256,2025-01-18 09:00:00+00:00,3288.535937192408,3288.535937192408,3234.722962687568,3261.029300234892
257,2025-01-18 10:00:00+00:00,3261.029300234892,3266.9041450121413,3237.3116469613137,3265.924269750222
258,2025-01-18 11:00:00+00:00,3264.291797389703,3311.9664507407365,3258.4216503740363,3311.9664507407365
259,2025-01-18 12:00:00+00:00,3312.2976473858103,3312.2976473858103,3281.6376024218143,3282.293962758675
260,2025-01-18 13:00:00+00:00,3284.263831546075,3311.304156796335,3284.263831546075,3311.304156796335
261,2025-01-18 14:00:00+00:00,3313.954127472392,3313.954127472392,3299.4054872106067,3299.4054872106067
262,2025-01-18 15:00:00+00:00,3294.130922931496,3331.563828365696,3294.130922931496,3310.6419952908577
263,2025-01-18 16:00:00+00:00,3310.6419952908577,3310.6419952908577,3261.681538705231,3261.681538705231
264,2025-01-18 17:00:00+00:00,3257.444319351644,3273.1168524606483,3257.444319351644,3265.5977099792244
265,2025-01-18 18:00:00+00:00,3265.5977099792244,3269.5185832442808,3258.095840789957,3265.5977099792244
266,2025-01-18 19:00:00+00:00,3265.5977099792244,3279.99727575141,3264.6182265694424,3279.99727575141
267,2025-01-18 20:00:00+00:00,3278.029966001749,3278.029966001749,3265.5977099792244,3265.5977099792244
268,2025-01-18 21:00:00+00:00,3266.577487263415,3292.484351474397,3266.577487263415,3278.357768998349
269,2025-01-18 22:00:00+00:00,3278.357768998349,3278.357768998349,3278.357768998349,3278.357768998349
270,2025-01-18 23:00:00+00:00,3278.357768998349,3305.0189659747075,3278.357768998349,3305.0189659747075
271,2025-01-19 00:00:00+00:00,3305.349467871305,3309.6490012976883,3305.349467871305,3309.6490012976883
272,2025-01-19 01:00:00+00:00,3311.9664507407365,3350.6070115593766,3311.9664507407365,3345.250594433621
273,2025-01-19 02:00:00+00:00,3349.2671037484533,3363.026598601202,3349.2671037484533,3358.9935886199446
274,2025-01-19 03:00:00+00:00,3355.636441739061,3355.636441739061,3339.5687834165656,3339.5687834165656
275,2025-01-19 04:00:00+00:00,3335.897460915423,3335.897460915423,3281.6376024218143,3289.851548892595
276,2025-01-19 05:00:00+00:00,3286.234882550268,3286.5635060385225,3266.250862177197,3286.5635060385225
277,2025-01-19 06:00:00+00:00,3286.5635060385225,3287.549573690526,3285.5777341476605,3285.5777341476605
278,2025-01-19 07:00:00+00:00,3285.5777341476605,3285.5777341476605,3268.2111026974626,3272.462327270571
279,2025-01-19 08:00:00+00:00,3272.462327270571,3272.462327270571,3221.488409629415,3221.488409629415
280,2025-01-19 09:00:00+00:00,3219.234269488892,3223.421785962888,3146.040495752085,3223.421785962888
281,2025-01-19 10:00:00+00:00,3223.421785962888,3223.421785962888,3180.2001552985976,3180.2001552985976
282,2025-01-19 11:00:00+00:00,3180.2001552985976,3180.2001552985976,3132.5422385724182,3139.4410724962554
283,2025-01-19 12:00:00+00:00,3145.096872334333,3195.8205938728347,3145.096872334333,3195.8205938728347
284,2025-01-19 13:00:00+00:00,3201.5779631560818,3258.7474925390734,3201.5779631560818,3258.7474925390734
285,2025-01-19 14:00:00+00:00,3263.639036945924,3386.310555229079,3263.639036945924,3386.310555229079
286,2025-01-19 15:00:00+00:00,3382.2496226528824,3409.7557186212657,3363.699237551188,3375.4922209261144
287,2025-01-19 16:00:00+00:00,3378.1935600297275,3407.029141149369,3378.1935600297275,3407.029141149369
288,2025-01-19 17:00:00+00:00,3407.029141149369,3432.333401900802,3388.34284957653,3432.333401900802
289,2025-01-19 18:00:00+00:00,3433.0199029045166,3436.1108569927123,3396.1446166417218,3416.923370654395
290,2025-01-19 19:00:00+00:00,3416.923370654395,3416.923370654395,3413.508325840116,3413.508325840116
291,2025-01-19 20:00:00+00:00,3413.8496766727003,3417.948550176709,3376.84262035752,3376.84262035752
292,2025-01-19 21:00:00+00:00,3374.47977575562,3374.47977575562,3228.5831307322737,3228.9059890453477
293,2025-01-19 22:00:00+00:00,3235.046434983836,3287.549573690526,3191.349798864137,3250.2861765942503
294,2025-01-19 23:00:00+00:00,3253.8632795823046,3253.8632795823046,3163.07421240262,3202.5385325955685
295,2025-01-20 00:00:00+00:00,3197.099113872403,3208.9496981364173,3150.132803208141,3171.9427869865804
296,2025-01-20 01:00:00+00:00,3179.2462860322203,3202.858786448828,3179.2462860322203,3185.610822798109
297,2025-01-20 02:00:00+00:00,3191.668933844024,3258.7474925390734,3191.668933844024,3248.336687266416
298,2025-01-20 03:00:00+00:00,3245.090136449925,3266.577487263415,3234.722962687568,3266.577487263415
299,2025-01-20 04:00:00+00:00,3262.6601410205512,3284.263831546075,3257.7700637835787,3276.719081752796
300,2025-01-20 05:00:00+00:00,3281.6376024218143,3302.3761402122627,3277.7021957821707,3284.263831546075
301,2025-01-20 06:00:00+00:00,3288.2071164807594,3435.08022986791,3288.2071164807594,3404.645174432605
302,2025-01-20 07:00:00+00:00,3412.484478118734,3424.1060898184005,3358.657722847661,3378.5313793857304
303,2025-01-20 08:00:00+00:00,3378.5313793857304,3397.843028598467,3378.5313793857304,3389.698390030486
304,2025-01-20 09:00:00+00:00,3392.75033915771,3395.8050361381083,3361.681724197173,3361.681724197173
305,2025-01-20 10:00:00+00:00,3361.681724197173,3375.4922209261144,3349.9369906618745,3349.9369906618745
306,2025-01-20 11:00:00+00:00,3341.907182991298,3371.444261916717,3333.896622790572,3365.3814235735263
307,2025-01-20 12:00:00+00:00,3361.345589638209,3361.345589638209,3272.789573503298,3299.4054872106067
308,2025-01-20 13:00:00+00:00,3305.6800028180924,3339.234859930573,3305.6800028180924,3329.232666243931
309,2025-01-20 14:00:00+00:00,3333.2299434695788,3349.6020304588283,3333.2299434695788,3349.6020304588283
310,2025-01-20 15:00:00+00:00,3354.6299521111746,3365.044919081618,3327.9013060341267,3327.9013060341267
311,2025-01-20 16:00:00+00:00,3333.2299434695788,3373.4676342579405,3294.460336023789,3365.717961715883
312,2025-01-20 17:00:00+00:00,3369.0851946546386,3369.0851946546386,3227.937510950709,3287.549573690526
313,2025-01-20 18:00:00+00:00,3294.130922931496,3328.2340961647305,3290.838603056099,3328.2340961647305
314,2025-01-20 19:00:00+00:00,3327.9013060341267,3349.2671037484533,3315.942997108278,3349.2671037484533
315,2025-01-20 20:00:00+00:00,3344.581644658872,3344.581644658872,3323.910419019004,3327.2358255966496
316,2025-01-20 21:00:00+00:00,3321.916770602683,3322.2489622797434,3287.549573690526,3287.549573690526
317,2025-01-20 22:00:00+00:00,3282.9504543741664,3309.318069490739,3265.2711828609386,3309.318069490739
318,2025-01-20 23:00:00+00:00,3305.0189659747075,3305.0189659747075,3269.845535102605,3269.845535102605
319,2025-01-21 00:00:00+00:00,3270.826586861772,3274.7537382312967,3226.9693233414,3226.9693233414
320,2025-01-21 01:00:00+00:00,3228.9059890453477,3245.4146454635707,3211.196636916873,3244.116804081953
321,2025-01-21 02:00:00+00:00,3244.116804081953,3258.7474925390734,3236.01704596896,3246.713006059617
322,2025-01-21 03:00:00+00:00,3249.636216854517,3256.1416673031977,3249.636216854517,3256.1416673031977
323,2025-01-21 04:00:00+00:00,3253.8632795823046,3253.8632795823046,3220.5221563636205,3232.782808020673
324,2025-01-21 05:00:00+00:00,3235.693476621297,3239.57844506295,3224.066502554298,3224.066502554298
325,2025-01-21 06:00:00+00:00,3221.488409629415,3238.6067658717466,3220.2001363499858,3229.874757712469
326,2025-01-21 07:00:00+00:00,3232.782808020673,3251.261359959064,3232.782808020673,3251.261359959064
327,2025-01-21 08:00:00+00:00,3249.9611804762026,3249.9611804762026,3240.87447082864,3240.87447082864
328,2025-01-21 09:00:00+00:00,3243.792424839469,3261.681538705231,3243.792424839469,3261.681538705231
329,2025-01-21 10:00:00+00:00,3261.681538705231,3294.130922931496,3261.681538705231,3294.130922931496
330,2025-01-21 11:00:00+00:00,3294.130922931496,3302.3761402122627,3294.130922931496,3298.0860548902947
331,2025-01-21 12:00:00+00:00,3301.055519927756,3311.304156796335,3301.055519927756,3306.671805992643
332,2025-01-21 13:00:00+00:00,3306.3411718754555,3306.3411718754555,3298.7457050821326,3301.055519927756
333,2025-01-21 14:00:00+00:00,3301.055519927756,3321.2524868927794,3286.892162389126,3289.851548892595
334,2025-01-21 15:00:00+00:00,3287.220851605365,3288.2071164807594,3274.426295601736,3283.278749419604
335,2025-01-21 16:00:00+00:00,3283.278749419604,3335.897460915423,3283.278749419604,3315.942997108278
336,2025-01-21 17:00:00+00:00,3315.942997108278,3350.9420722605323,3315.942997108278,3350.9420722605323
337,2025-01-21 18:00:00+00:00,3350.6070115593766,3353.2884355262445,3340.904811317418,3353.2884355262445
338,2025-01-21 19:00:00+00:00,3352.9531402122234,3352.9531402122234,3324.242810060905,3328.2340961647305
339,2025-01-21 20:00:00+00:00,3328.2340961647305,3328.2340961647305,3314.6169514374283,3314.6169514374283
340,2025-01-21 21:00:00+00:00,3313.954127472392,3330.231535924113,3313.954127472392,3330.231535924113
341,2025-01-21 22:00:00+00:00,3330.231535924113,3336.8983302339566,3330.231535924113,3336.8983302339566
342,2025-01-21 23:00:00+00:00,3334.230012452851,3334.230012452851,3321.916770602683,3321.916770602683
343,2025-01-22 00:00:00+00:00,3321.916770602683,3354.965415106385,3321.916770602683,3354.965415106385
344,2025-01-22 01:00:00+00:00,3354.965415106385,3354.965415106385,3333.2299434695788,3333.2299434695788
345,2025-01-22 02:00:00+00:00,3333.2299434695788,3335.897460915423,3333.2299434695788,3335.897460915423
346,2025-01-22 03:00:00+00:00,3339.5687834165656,3339.5687834165656,3339.5687834165656,3339.5687834165656
347,2025-01-22 04:00:00+00:00,3339.5687834165656,3339.5687834165656,3325.90526392346,3325.90526392346
348,2025-01-22 05:00:00+00:00,3326.903135283121,3328.2340961647305,3323.2457366392177,3323.2457366392177
349,2025-01-22 06:00:00+00:00,3321.916770602683,3321.916770602683,3312.2976473858103,3312.2976473858103
350,2025-01-22 07:00:00+00:00,3311.9664507407365,3311.9664507407365,3298.4158634957835,3298.4158634957835
351,2025-01-22 08:00:00+00:00,3295.778317838997,3295.778317838997,3284.9207171550224,3291.1676869164044
352,2025-01-22 09:00:00+00:00,3291.1676869164044,3293.472195557663,3291.1676869164044,3293.142881269536
353,2025-01-22 10:00:00+00:00,3293.142881269536,3298.0860548902947,3293.142881269536,3298.0860548902947
354,2025-01-22 11:00:00+00:00,3298.7457050821326,3319.924317956857,3298.7457050821326,3319.924317956857
355,2025-01-22 12:00:00+00:00,3319.924317956857,3319.924317956857,3319.592358720985,3319.592358720985
356,2025-01-22 13:00:00+00:00,3318.2648536703537,3318.2648536703537,3290.838603056099,3290.838603056099
357,2025-01-22 14:00:00+00:00,3288.2071164807594,3301.055519927756,3281.6376024218143,3292.484351474397
358,2025-01-22 15:00:00+00:00,3289.193677265205,3289.193677265205,3282.622192154951,3283.278749419604
359,2025-01-22 16:00:00+00:00,3282.9504543741664,3282.9504543741664,3265.5977099792244,3271.4807848874093
360,2025-01-22 17:00:00+00:00,3273.771508562309,3277.374458336337,3273.771508562309,3277.374458336337
361,2025-01-22 18:00:00+00:00,3281.6376024218143,3281.6376024218143,3252.236835908144,3252.236835908144
362,2025-01-22 19:00:00+00:00,3252.236835908144,3270.172519656115,3252.236835908144,3269.5185832442808
363,2025-01-22 20:00:00+00:00,3269.5185832442808,3269.5185832442808,3261.355403164915,3261.355403164915
364,2025-01-22 21:00:00+00:00,3257.7700637835787,3257.7700637835787,3247.687117366071,3254.839536185332
365,2025-01-22 22:00:00+00:00,3254.839536185332,3254.839536185332,3240.5504157870614,3240.5504157870614
366,2025-01-22 23:00:00+00:00,3239.902402907456,3239.902402907456,3232.782808020673,3235.693476621297
367,2025-01-23 00:00:00+00:00,3239.2545196109886,3249.311285725945,3239.2545196109886,3248.661520935142
368,2025-01-23 01:00:00+00:00,3248.661520935142,3248.661520935142,3229.874757712469,3229.874757712469
369,2025-01-23 02:00:00+00:00,3229.874757712469,3229.874757712469,3212.8025563871083,3213.445149026412
370,2025-01-23 03:00:00+00:00,3213.445149026412,3231.490018111102,3213.445149026412,3223.099476015286
371,2025-01-23 04:00:00+00:00,3223.099476015286,3223.099476015286,3192.626530277437,3192.626530277437
372,2025-01-23 05:00:00+00:00,3192.9457929304644,3211.5177565805648,3189.11674731487,3211.5177565805648
373,2025-01-23 06:00:00+00:00,3211.5177565805648,3213.766493541314,3211.5177565805648,3213.1238366427474
374,2025-01-23 07:00:00+00:00,3211.838908356223,3251.911644743669,3206.3836932148315,3227.614749475761
375,2025-01-23 08:00:00+00:00,3227.614749475761,3227.614749475761,3217.3034047861584,3217.3034047861584
376,2025-01-23 09:00:00+00:00,3214.409278977688,3214.409278977688,3197.41882378379,3197.41882378379
377,2025-01-23 10:00:00+00:00,3197.41882378379,3200.6176818298013,3197.41882378379,3197.7385656661686
378,2025-01-23 11:00:00+00:00,3197.7385656661686,3205.421970457829,3197.7385656661686,3205.421970457829
379,2025-01-23 12:00:00+00:00,3205.421970457829,3205.421970457829,3199.977654299165,3204.1401221477468
380,2025-01-23 13:00:00+00:00,3203.819740173729,3230.843817039256,3203.819740173729,3230.843817039256
381,2025-01-23 14:00:00+00:00,3230.843817039256,3275.40872172648,3230.843817039256,3270.4995369080807
382,2025-01-23 15:00:00+00:00,3273.771508562309,3273.771508562309,3237.63537812601,3254.514084776854
383,2025-01-23 16:00:00+00:00,3255.1650201389502,3285.5777341476605,3255.1650201389502,3263.312705675356
384,2025-01-23 17:00:00+00:00,3259.3992746250565,3261.681538705231,3243.468078031666,3261.681538705231
385,2025-01-23 18:00:00+00:00,3261.681538705231,3261.681538705231,3247.687117366071,3247.687117366071
386,2025-01-23 19:00:00+00:00,3243.792424839469,3243.792424839469,3206.063086906141,3206.063086906141
387,2025-01-23 20:00:00+00:00,3206.063086906141,3284.263831546075,3204.1401221477468,3245.4146454635707
388,2025-01-23 21:00:00+00:00,3244.7656598839376,3244.7656598839376,3226.001426130292,3242.81948170713
389,2025-01-23 22:00:00+00:00,3241.846830399363,3312.6288771505488,3241.846830399363,3312.6288771505488
390,2025-01-23 23:00:00+00:00,3315.279907973885,3336.231050661514,3315.279907973885,3336.231050661514
391,2025-01-24 00:00:00+00:00,3338.567113122277,3340.5707542419937,3295.119261035597,3295.119261035597
392,2025-01-24 01:00:00+00:00,3295.119261035597,3315.279907973885,3295.119261035597,3296.1078956707806
393,2025-01-24 02:00:00+00:00,3294.460336023789,3301.715764042296,3292.8135999095443,3292.8135999095443
394,2025-01-24 03:00:00+00:00,3294.130922931496,3303.0366484640663,3287.549573690526,3303.0366484640663
395,2025-01-24 04:00:00+00:00,3303.0366484640663,3330.231535924113,3303.0366484640663,3330.231535924113
396,2025-01-24 05:00:00+00:00,3331.2307052951664,3397.163561914449,3331.2307052951664,3397.163561914449
397,2025-01-24 06:00:00+00:00,3401.2424010642408,3410.0966941931274,3387.665282643349,3387.665282643349
398,2025-01-24 07:00:00+00:00,3391.05447278196,3392.75033915771,3382.2496226528824,3382.2496226528824
399,2025-01-24 08:00:00+00:00,3383.60272545045,3405.326137513944,3383.60272545045,3400.902310833158
400,2025-01-24 09:00:00+00:00,3400.902310833158,3400.902310833158,3400.902310833158,3400.902310833158
401,2025-01-24 10:00:00+00:00,3400.902310833158,3403.964347523457,3400.902310833158,3403.964347523457
402,2025-01-24 11:00:00+00:00,3403.964347523457,3403.964347523457,3402.2628758252336,3402.2628758252336
403,2025-01-24 12:00:00+00:00,3399.8822441600423,3399.8822441600423,3395.8050361381083,3395.8050361381083
404,2025-01-24 13:00:00+00:00,3399.8822441600423,3409.073869756576,3399.8822441600423,3402.943362423028
405,2025-01-24 14:00:00+00:00,3402.943362423028,3411.1198255076965,3393.428923153045,3408.051352105995
406,2025-01-24 15:00:00+00:00,3404.985638950049,3404.985638950049,3368.0746712076684,3375.8297701482065
407,2025-01-24 16:00:00+00:00,3377.8557744522827,3387.3265499883505,3377.8557744522827,3387.3265499883505
408,2025-01-24 17:00:00+00:00,3385.294865207285,3395.465489589149,3385.294865207285,3395.465489589149
409,2025-01-24 18:00:00+00:00,3395.465489589149,3399.5422899310493,3388.004049171613,3388.004049171613
410,2025-01-24 19:00:00+00:00,3388.004049171613,3388.004049171613,3365.3814235735263,3365.3814235735263
411,2025-01-24 20:00:00+00:00,3365.3814235735263,3370.096021288959,3338.567113122277,3338.567113122277
412,2025-01-24 21:00:00+00:00,3338.567113122277,3338.567113122277,3334.563435454096,3334.563435454096
413,2025-01-24 22:00:00+00:00,3333.896622790572,3333.896622790572,3333.5632664639256,3333.5632664639256
414,2025-01-24 23:00:00+00:00,3322.2489622797434,3322.2489622797434,3316.274591407989,3316.274591407989
415,2025-01-25 00:00:00+00:00,3313.954127472392,3313.954127472392,3281.309471474668,3281.309471474668
416,2025-01-25 01:00:00+00:00,3279.6693088205284,3296.1078956707806,3279.6693088205284,3296.1078956707806
417,2025-01-25 02:00:00+00:00,3295.778317838997,3295.778317838997,3295.778317838997,3295.778317838997
418,2025-01-25 03:00:00+00:00,3295.778317838997,3312.9601400382635,3295.778317838997,3312.9601400382635
419,2025-01-25 04:00:00+00:00,3312.9601400382635,3314.2855228851395,3308.325472595888,3308.325472595888
420,2025-01-25 05:00:00+00:00,3307.0024731732424,3307.0024731732424,3293.8015427772184,3293.8015427772184
421,2025-01-25 06:00:00+00:00,3293.8015427772184,3293.8015427772184,3293.8015427772184,3293.8015427772184
422,2025-01-25 07:00:00+00:00,3293.8015427772184,3293.8015427772184,3293.8015427772184,3293.8015427772184
423,2025-01-25 08:00:00+00:00,3293.8015427772184,3293.8015427772184,3292.484351474397,3292.484351474397
424,2025-01-25 09:00:00+00:00,3292.484351474397,3292.484351474397,3291.1676869164044,3291.1676869164044
425,2025-01-25 10:00:00+00:00,3288.8647907861264,3288.8647907861264,3281.9657661820565,3285.5777341476605
426,2025-01-25 11:00:00+00:00,3287.220851605365,3301.055519927756,3287.220851605365,3301.055519927756
427,2025-01-25 12:00:00+00:00,3301.055519927756,3301.055519927756,3301.055519927756,3301.055519927756
428,2025-01-25 14:00:00+00:00,3301.055519927756,3307.3331734205594,3301.055519927756,3307.3331734205594
429,2025-01-25 15:00:00+00:00,3309.318069490739,3333.5632664639256,3309.318069490739,3333.5632664639256
430,2025-01-25 16:00:00+00:00,3333.5632664639256,3336.8983302339566,3333.5632664639256,3336.8983302339566
431,2025-01-25 17:00:00+00:00,3337.23202006698,3337.23202006698,3337.23202006698,3337.23202006698
432,2025-01-25 19:00:00+00:00,3337.23202006698,3337.23202006698,3336.8983302339566,3336.8983302339566
433,2025-01-25 20:00:00+00:00,3339.9027402949077,3339.9027402949077,3339.9027402949077,3339.9027402949077
434,2025-01-25 22:00:00+00:00,3339.9027402949077,3339.9027402949077,3339.9027402949077,3339.9027402949077
435,2025-01-25 23:00:00+00:00,3336.8983302339566,3336.8983302339566,3325.90526392346,3325.90526392346
436,2025-01-26 00:00:00+00:00,3324.907691865345,3324.907691865345,3324.575234341911,3324.575234341911
437,2025-01-26 01:00:00+00:00,3324.575234341911,3327.2358255966496,3324.575234341911,3327.2358255966496
438,2025-01-26 02:00:00+00:00,3327.2358255966496,3327.2358255966496,3327.2358255966496,3327.2358255966496
439,2025-01-26 03:00:00+00:00,3326.903135283121,3338.900969833589,3326.903135283121,3338.900969833589
440,2025-01-26 04:00:00+00:00,3338.900969833589,3350.9420722605323,3338.900969833589,3350.9420722605323
441,2025-01-26 05:00:00+00:00,3349.9369906618745,3349.9369906618745,3347.25824664478,3347.25824664478
442,2025-01-26 06:00:00+00:00,3347.25824664478,3347.25824664478,3347.25824664478,3347.25824664478
443,2025-01-26 07:00:00+00:00,3347.25824664478,3347.25824664478,3340.5707542419937,3340.5707542419937
444,2025-01-26 08:00:00+00:00,3340.5707542419937,3340.5707542419937,3333.896622790572,3333.896622790572
445,2025-01-26 09:00:00+00:00,3332.230174447007,3332.230174447007,3305.0189659747075,3305.0189659747075
446,2025-01-26 10:00:00+00:00,3305.0189659747075,3305.0189659747075,3305.0189659747075,3305.0189659747075
447,2025-01-26 11:00:00+00:00,3305.0189659747075,3306.0105708183737,3305.0189659747075,3306.0105708183737
448,2025-01-26 12:00:00+00:00,3306.0105708183737,3306.0105708183737,3306.0105708183737,3306.0105708183737
449,2025-01-26 13:00:00+00:00,3306.3411718754555,3306.3411718754555,3306.3411718754555,3306.3411718754555
450,2025-01-26 15:00:00+00:00,3307.994673128575,3310.310964194438,3307.994673128575,3309.6490012976883
451,2025-01-26 16:00:00+00:00,3309.6490012976883,3309.6490012976883,3309.6490012976883,3309.6490012976883
452,2025-01-26 17:00:00+00:00,3311.9664507407365,3334.563435454096,3311.9664507407365,3334.563435454096
453,2025-01-26 18:00:00+00:00,3334.563435454096,3334.563435454096,3331.563828365696,3331.563828365696
454,2025-01-26 20:00:00+00:00,3331.563828365696,3337.565743268987,3331.563828365696,3337.565743268987
455,2025-01-26 21:00:00+00:00,3334.896891797642,3334.896891797642,3303.3669521289125,3307.3331734205594
456,2025-01-26 22:00:00+00:00,3304.027658553008,3304.027658553008,3291.825953365465,3298.0860548902947
457,2025-01-26 23:00:00+00:00,3294.460336023789,3294.460336023789,3236.664281738324,3236.664281738324
458,2025-01-27 00:00:00+00:00,3235.369939627334,3239.57844506295,3219.5561929158407,3219.5561929158407
459,2025-01-27 01:00:00+00:00,3216.3384067707584,3216.3384067707584,3196.1401759322216,3203.819740173729
460,2025-01-27 02:00:00+00:00,3196.1401759322216,3196.1401759322216,3173.846428513634,3173.846428513634
461,2025-01-27 03:00:00+00:00,3173.529075606073,3186.5666016164587,3169.723314913293,3181.790573428066
462,2025-01-27 04:00:00+00:00,3181.472426185448,3181.472426185448,3163.390519823861,3163.390519823861
463,2025-01-27 05:00:00+00:00,3162.441692439716,3162.441692439716,3124.0962041002053,3130.0373321209645
464,2025-01-27 06:00:00+00:00,3130.0373321209645,3138.499428509581,3085.289985953664,3085.598514952259
465,2025-01-27 07:00:00+00:00,3081.5900433740844,3081.5900433740844,3031.769754992971,3078.202327294775
466,2025-01-27 08:00:00+00:00,3075.740873216495,3075.740873216495,3046.3565006763056,3054.2869361617736
467,2025-01-27 09:00:00+00:00,3056.1199665276013,3086.524287077786,3056.1199665276013,3073.5887155543905
468,2025-01-27 10:00:00+00:00,3073.5887155543905,3073.5887155543905,3042.0947985444504,3042.0947985444504
469,2025-01-27 11:00:00+00:00,3043.616150183625,3065.301632965264,3043.616150183625,3065.301632965264
470,2025-01-27 12:00:00+00:00,3065.301632965264,3111.625401046576,3061.931823391711,3111.625401046576
471,2025-01-27 13:00:00+00:00,3111.625401046576,3127.5344286932063,3099.2043790875864,3099.2043790875864
472,2025-01-27 14:00:00+00:00,3095.48775008441,3137.2443425253614,3092.70320356822,3137.2443425253614
473,2025-01-27 15:00:00+00:00,3136.930649460415,3140.697037304276,3124.4086137206154,3140.382999004375
474,2025-01-27 16:00:00+00:00,3137.5580669596134,3137.5580669596134,3085.598514952259,3085.598514952259
475,2025-01-27 17:00:00+00:00,3088.06785790462,3088.06785790462,3074.8183354682296,3074.8183354682296
476,2025-01-27 18:00:00+00:00,3074.8183354682296,3078.202327294775,3054.897824091875,3054.897824091875
477,2025-01-27 19:00:00+00:00,3058.2598923963383,3069.9028053765564,3058.2598923963383,3069.288916900288
478,2025-01-27 20:00:00+00:00,3071.130950705156,3138.499428509581,3071.130950705156,3138.499428509581
479,2025-01-27 21:00:00+00:00,3138.813278452432,3225.033819230284,3138.813278452432,3156.12344531503
480,2025-01-27 22:00:00+00:00,3157.7018226815944,3170.6743270026363,3156.754701565327,3170.6743270026363
481,2025-01-27 23:00:00+00:00,3170.6743270026363,3172.894464984132,3170.6743270026363,3172.894464984132
482,2025-01-28 00:00:00+00:00,3175.433669144273,3191.988100737408,3174.4812295378006,3174.4812295378006
483,2025-01-28 01:00:00+00:00,3174.163813156485,3174.163813156485,3161.8092989618303,3167.822146388777
484,2025-01-28 02:00:00+00:00,3170.040287244785,3188.479019626155,3170.040287244785,3188.479019626155
485,2025-01-28 03:00:00+00:00,3187.203946802448,3206.704331584153,3184.9737961891337,3206.704331584153
486,2025-01-28 04:00:00+00:00,3213.1238366427474,3213.1238366427474,3213.1238366427474,3213.1238366427474
487,2025-01-28 05:00:00+00:00,3213.1238366427474,3213.1238366427474,3213.1238366427474,3213.1238366427474
488,2025-01-28 06:00:00+00:00,3213.1238366427474,3213.1238366427474,3201.2578373723445,3201.2578373723445
489,2025-01-28 07:00:00+00:00,3199.3377547548366,3206.3836932148315,3198.058339522735,3203.499390234706
490,2025-01-28 08:00:00+00:00,3201.8981209523968,3201.8981209523968,3193.584414018508,3195.181525615896
491,2025-01-28 09:00:00+00:00,3195.181525615896,3195.181525615896,3195.181525615896,3195.181525615896
492,2025-01-28 10:00:00+00:00,3194.8620394119557,3196.77943592881,3194.54258515344,3196.459789949815
493,2025-01-28 11:00:00+00:00,3196.459789949815,3196.459789949815,3186.8852582766203,3186.8852582766203
494,2025-01-28 12:00:00+00:00,3186.8852582766203,3186.8852582766203,3175.1161575285205,3175.1161575285205
495,2025-01-28 13:00:00+00:00,3176.386394511202,3178.928393192901,3176.386394511202,3178.928393192901
496,2025-01-28 14:00:00+00:00,3178.610532139687,3178.610532139687,3166.8719897825163,3168.4557424962763
497,2025-01-28 15:00:00+00:00,3171.9427869865804,3200.2976520645952,3171.9427869865804,3183.063480577599
498,2025-01-28 16:00:00+00:00,3183.063480577599,3183.063480577599,3146.6697353116406,3146.6697353116406
499,2025-01-28 17:00:00+00:00,3149.502871138885,3170.9913944353366,3149.502871138885,3167.5053958491926
500,2025-01-28 18:00:00+00:00,3166.8719897825163,3166.8719897825163,3143.839148032196,3143.839148032196
501,2025-01-28 19:00:00+00:00,3142.5819266940325,3142.5819266940325,3131.915824088442,3139.755016603505
502,2025-01-28 20:00:00+00:00,3142.5819266940325,3144.782394094924,3102.615208978462,3102.615208978462
503,2025-01-28 21:00:00+00:00,3102.304978480614,3102.92547049936,3056.425578524254,3056.425578524254
504,2025-01-28 22:00:00+00:00,3053.6761703909337,3084.0561784265865,3047.5752260701515,3084.0561784265865
505,2025-01-28 23:00:00+00:00,3082.514612837879,3086.2156655112344,3060.4013166626423,3071.130950705156
506,2025-01-29 00:00:00+00:00,3070.823868318324,3107.272390950012,3070.823868318324,3107.272390950012
507,2025-01-29 01:00:00+00:00,3108.204665888576,3108.204665888576,3107.893876500926,3107.893876500926
508,2025-01-29 02:00:00+00:00,3113.8041923775604,3117.5428132043708,3113.8041923775604,3117.5428132043708
509,2025-01-29 03:00:00+00:00,3117.231090095361,3121.5980514367707,3117.231090095361,3121.5980514367707
510,2025-01-29 04:00:00+00:00,3123.7838257176336,3128.78563012926,3123.7838257176336,3128.78563012926
511,2025-01-29 05:00:00+00:00,3128.78563012926,3128.78563012926,3125.9711304995826,3125.9711304995826
512,2025-01-29 06:00:00+00:00,3127.221706522554,3139.127159780277,3127.221706522554,3139.127159780277
513,2025-01-29 07:00:00+00:00,3140.382999004375,3147.6138306354724,3140.382999004375,3147.6138306354724
514,2025-01-29 08:00:00+00:00,3148.873065037147,3153.599682384588,3148.873065037147,3152.653791664322
515,2025-01-29 09:00:00+00:00,3151.7081846545284,3151.7081846545284,3131.289534868573,3131.289534868573
516,2025-01-29 10:00:00+00:00,3130.0373321209645,3132.5422385724182,3130.0373321209645,3132.5422385724182
517,2025-01-29 11:00:00+00:00,3132.5422385724182,3132.5422385724182,3132.5422385724182,3132.5422385724182
518,2025-01-29 12:00:00+00:00,3131.289534868573,3131.289534868573,3118.1663529424395,3118.1663529424395
519,2025-01-29 13:00:00+00:00,3118.1663529424395,3118.1663529424395,3096.4164892771632,3098.584631175505
520,2025-01-29 14:00:00+00:00,3098.584631175505,3105.7192207366634,3089.6122006712403,3092.084755696233
521,2025-01-29 15:00:00+00:00,3095.178232261184,3106.6510296775664,3095.178232261184,3103.23576304641
522,2025-01-29 16:00:00+00:00,3101.064366657685,3101.064366657685,3070.209795657094,3081.281915182566
523,2025-01-29 17:00:00+00:00,3081.281915182566,3123.471478569777,3081.281915182566,3119.101896396431
524,2025-01-29 18:00:00+00:00,3117.5428132043708,3125.3460300401143,3098.584631175505,3125.3460300401143
525,2025-01-29 19:00:00+00:00,3120.3497243135803,3138.1856099485863,3061.319528872741,3125.033526687446
526,2025-01-29 20:00:00+00:00,3117.5428132043708,3171.3084935747806,3101.064366657685,3137.87182276631
527,2025-01-29 21:00:00+00:00,3134.7356760829384,3153.9150423528263,3122.5346245032647,3149.1879523436505
528,2025-01-29 22:00:00+00:00,3149.1879523436505,3151.3930453499934,3133.795443432912,3141.325208118707
529,2025-01-29 23:00:00+00:00,3141.325208118707,3141.325208118707,3120.3497243135803,3120.3497243135803
530,2025-01-30 00:00:00+00:00,3120.037720541526,3120.037720541526,3100.444246803881,3116.919398155546
531,2025-01-30 01:00:00+00:00,3116.919398155546,3144.4679473001943,3116.919398155546,3141.011107008006
532,2025-01-30 02:00:00+00:00,3138.1856099485863,3145.411382021567,3137.87182276631,3145.411382021567
533,2025-01-30 03:00:00+00:00,3147.2991007253995,3191.988100737408,3147.2991007253995,3191.988100737408
534,2025-01-30 04:00:00+00:00,3195.181525615896,3205.742512654876,3195.181525615896,3197.099113872403
535,2025-01-30 05:00:00+00:00,3195.181525615896,3195.181525615896,3192.3072995474818,3192.3072995474818
536,2025-01-30 06:00:00+00:00,3192.3072995474818,3197.41882378379,3192.3072995474818,3194.223162837156
537,2025-01-30 07:00:00+00:00,3194.223162837156,3194.223162837156,3189.11674731487,3189.11674731487
538,2025-01-30 08:00:00+00:00,3189.11674731487,3201.5779631560818,3189.11674731487,3201.5779631560818
539,2025-01-30 09:00:00+00:00,3201.5779631560818,3222.132739526224,3201.5779631560818,3222.132739526224
540,2025-01-30 10:00:00+00:00,3221.8105584703776,3221.8105584703776,3215.373698196873,3215.373698196873
541,2025-01-30 11:00:00+00:00,3216.01680509025,3217.625135126637,3214.7307199055854,3217.625135126637
542,2025-01-30 12:00:00+00:00,3217.625135126637,3217.946897640149,3216.981706615497,3216.981706615497
543,2025-01-30 13:00:00+00:00,3216.981706615497,3264.291797389703,3216.981706615497,3253.212604529273
544,2025-01-30 14:00:00+00:00,3254.514084776854,3271.1536695204577,3251.586486095059,3271.1536695204577
545,2025-01-30 15:00:00+00:00,3271.1536695204577,3271.1536695204577,3259.725214552519,3264.944688392099
546,2025-01-30 16:00:00+00:00,3262.6601410205512,3269.1916640778727,3260.051187073974,3269.1916640778727
547,2025-01-30 17:00:00+00:00,3269.1916640778727,3273.4441641458943,3267.884314266036,3267.884314266036
548,2025-01-30 18:00:00+00:00,3267.884314266036,3267.884314266036,3266.577487263415,3266.9041450121413
549,2025-01-30 19:00:00+00:00,3266.9041450121413,3266.9041450121413,3266.9041450121413,3266.9041450121413
550,2025-01-30 20:00:00+00:00,3266.9041450121413,3266.9041450121413,3241.198558275723,3241.198558275723
551,2025-01-30 21:00:00+00:00,3241.198558275723,3241.198558275723,3241.198558275723,3241.198558275723
552,2025-01-30 22:00:00+00:00,3241.198558275723,3262.333907629788,3241.198558275723,3262.333907629788
553,2025-01-30 23:00:00+00:00,3262.333907629788,3262.333907629788,3255.1650201389502,3255.1650201389502
554,2025-01-31 00:00:00+00:00,3252.887315797693,3261.681538705231,3248.9863870872355,3261.681538705231
555,2025-01-31 01:00:00+00:00,3263.639036945924,3264.291797389703,3263.639036945924,3264.291797389703
556,2025-01-31 02:00:00+00:00,3264.6182265694424,3269.5185832442808,3257.7700637835787,3258.095840789957
557,2025-01-31 03:00:00+00:00,3255.8160856946283,3255.8160856946283,3231.490018111102,3231.490018111102
558,2025-01-31 04:00:00+00:00,3231.490018111102,3231.490018111102,3224.3889092045533,3224.3889092045533
559,2025-01-31 05:00:00+00:00,3224.3889092045533,3238.9306265483337,3224.3889092045533,3238.9306265483337
560,2025-01-31 06:00:00+00:00,3238.9306265483337,3261.681538705231,3238.9306265483337,3261.355403164915
561,2025-01-31 07:00:00+00:00,3262.0077068591017,3266.9041450121413,3249.311285725945,3249.311285725945
562,2025-01-31 08:00:00+00:00,3248.336687266416,3248.336687266416,3244.441215762361,3244.441215762361
563,2025-01-31 09:00:00+00:00,3244.441215762361,3260.051187073974,3244.441215762361,3260.051187073974
564,2025-01-31 10:00:00+00:00,3261.029300234892,3261.681538705231,3261.029300234892,3261.681538705231
565,2025-01-31 11:00:00+00:00,3263.312705675356,3327.2358255966496,3263.312705675356,3327.2358255966496
566,2025-01-31 12:00:00+00:00,3327.9013060341267,3349.2671037484533,3327.9013060341267,3349.2671037484533
567,2025-01-31 13:00:00+00:00,3349.2671037484533,3356.978897667366,3349.2671037484533,3352.282650159365
568,2025-01-31 14:00:00+00:00,3352.282650159365,3363.699237551188,3348.597350792322,3348.597350792322
569,2025-01-31 15:00:00+00:00,3348.597350792322,3416.2400884742992,3348.597350792322,3416.2400884742992
570,2025-01-31 16:00:00+00:00,3418.974037283637,3427.1890182650973,3403.283656759269,3403.283656759269
571,2025-01-31 17:00:00+00:00,3403.283656759269,3403.283656759269,3384.6179077795505,3384.6179077795505
572,2025-01-31 18:00:00+00:00,3384.6179077795505,3384.6179077795505,3307.994673128575,3309.6490012976883
573,2025-01-31 19:00:00+00:00,3293.142881269536,3332.896653804198,3293.142881269536,3332.563397464452
574,2025-01-31 20:00:00+00:00,3330.231535924113,3330.231535924113,3296.437506460348,3319.592358720985
575,2025-01-31 21:00:00+00:00,3318.59668015572,3318.59668015572,3289.193677265205,3307.994673128575
576,2025-01-31 22:00:00+00:00,3309.318069490739,3309.318069490739,3292.155135960801,3292.155135960801
577,2025-01-31 23:00:00+00:00,3292.155135960801,3292.155135960801,3286.892162389126,3289.851548892595
578,2025-02-01 00:00:00+00:00,3292.155135960801,3308.987170773662,3292.155135960801,3308.987170773662
579,2025-02-01 01:00:00+00:00,3309.6490012976883,3319.924317956857,3309.6490012976883,3319.924317956857
580,2025-02-01 02:00:00+00:00,3318.928539823736,3318.928539823736,3313.954127472392,3313.954127472392
581,2025-02-01 03:00:00+00:00,3312.9601400382635,3312.9601400382635,3293.8015427772184,3293.8015427772184
582,2025-02-01 04:00:00+00:00,3293.8015427772184,3296.1078956707806,3293.8015427772184,3296.1078956707806
583,2025-02-01 05:00:00+00:00,3296.1078956707806,3297.0968269260147,3296.1078956707806,3297.0968269260147
584,2025-02-01 06:00:00+00:00,3295.778317838997,3295.778317838997,3283.935438002275,3284.9207171550224
585,2025-02-01 07:00:00+00:00,3286.892162389126,3292.155135960801,3286.892162389126,3286.892162389126
586,2025-02-01 08:00:00+00:00,3286.892162389126,3286.892162389126,3257.118607490894,3259.0733672883275
587,2025-02-01 09:00:00+00:00,3259.0733672883275,3259.0733672883275,3233.4293969101054,3233.4293969101054
588,2025-02-01 10:00:00+00:00,3234.722962687568,3241.198558275723,3234.722962687568,3240.2263931477464
589,2025-02-01 11:00:00+00:00,3239.902402907456,3241.5226781315505,3239.902402907456,3241.5226781315505
590,2025-02-01 12:00:00+00:00,3242.4952321839114,3261.681538705231,3242.4952321839114,3261.681538705231
591,2025-02-01 13:00:00+00:00,3262.0077068591017,3262.0077068591017,3252.562059591734,3252.562059591734
592,2025-02-01 14:00:00+00:00,3251.586486095059,3251.586486095059,3243.792424839469,3243.792424839469
593,2025-02-01 15:00:00+00:00,3240.2263931477464,3248.011886077808,3238.2829375779884,3248.011886077808
594,2025-02-01 16:00:00+00:00,3248.9863870872355,3254.188665910263,3248.9863870872355,3250.9362663324305
595,2025-02-01 17:00:00+00:00,3250.9362663324305,3255.490536640964,3250.9362663324305,3255.490536640964
596,2025-02-01 18:00:00+00:00,3255.8160856946283,3256.7929281980746,3249.9611804762026,3249.9611804762026
597,2025-02-01 19:00:00+00:00,3247.687117366071,3247.687117366071,3188.479019626155,3188.479019626155
598,2025-02-01 20:00:00+00:00,3187.522667197128,3187.522667197128,3160.8609458490864,3163.07421240262
599,2025-02-01 21:00:00+00:00,3164.0232295617307,3170.6743270026363,3152.9690570434886,3152.9690570434886
600,2025-02-01 22:00:00+00:00,3152.9690570434886,3152.9690570434886,3134.1088229772554,3138.1856099485863
601,2025-02-01 23:00:00+00:00,3135.676190830968,3135.676190830968,3110.381061986476,3122.5346245032647
602,2025-02-02 00:00:00+00:00,3122.5346245032647,3149.1879523436505,3122.5346245032647,3149.1879523436505
603,2025-02-02 01:00:00+00:00,3149.8178214259988,3152.9690570434886,3149.8178214259988,3152.9690570434886
604,2025-02-02 02:00:00+00:00,3152.9690570434886,3152.9690570434886,3123.1591626535114,3123.1591626535114
605,2025-02-02 03:00:00+00:00,3122.2224022630385,3122.2224022630385,3076.971354122537,3079.433792930146
606,2025-02-02 04:00:00+00:00,3081.281915182566,3098.274803695136,3081.281915182566,3098.274803695136
607,2025-02-02 05:00:00+00:00,3098.274803695136,3112.558982018763,3098.274803695136,3112.558982018763
608,2025-02-02 06:00:00+00:00,3112.558982018763,3127.5344286932063,3112.558982018763,3120.037720541526
609,2025-02-02 07:00:00+00:00,3119.4138065860707,3119.4138065860707,3092.084755696233,3093.012473888577
610,2025-02-02 08:00:00+00:00,3094.868745386645,3115.049900895218,3094.868745386645,3115.049900895218
611,2025-02-02 09:00:00+00:00,3115.049900895218,3115.049900895218,3105.408679868676,3105.408679868676
612,2025-02-02 10:00:00+00:00,3105.408679868676,3105.408679868676,3097.965007194417,3097.965007194417
613,2025-02-02 11:00:00+00:00,3098.584631175505,3101.994779002714,3061.319528872741,3062.2380165740497
614,2025-02-02 12:00:00+00:00,3062.5442403757074,3072.666823324316,3059.177462114912,3059.177462114912
615,2025-02-02 13:00:00+00:00,3061.0134275299883,3077.279051257949,3061.0134275299883,3077.279051257949
616,2025-02-02 14:00:00+00:00,3077.279051257949,3091.4664314952697,3077.279051257949,3091.4664314952697
617,2025-02-02 15:00:00+00:00,3090.539177022897,3090.539177022897,3071.745207606606,3075.740873216495
618,2025-02-02 16:00:00+00:00,3075.740873216495,3075.740873216495,3014.840137999832,3014.840137999832
619,2025-02-02 17:00:00+00:00,3016.951159318391,3025.712577533229,2960.469043695935,2960.469043695935
620,2025-02-02 18:00:00+00:00,2960.469043695935,2975.902804049261,2921.941730402717,2925.742534602673
621,2025-02-02 19:00:00+00:00,2922.818400583011,2973.225830191003,2900.980349515152,2960.1730263932955
622,2025-02-02 20:00:00+00:00,2959.877038689426,2976.498014369099,2952.486957041496,2952.486957041496
623,2025-02-02 21:00:00+00:00,2950.1260300169665,2950.1260300169665,2903.8826356540026,2905.3348673891333
624,2025-02-02 22:00:00+00:00,2908.241510005914,2926.620345138256,2769.733334048546,2864.945583321215
625,2025-02-02 23:00:00+00:00,2855.507316506774,2864.6591174094747,2790.3043510821885,2864.6591174094747
626,2025-02-03 00:00:00+00:00,2861.509882236336,2862.940923357059,2780.5558431107297,2828.5097881470465
627,2025-02-03 01:00:00+00:00,2830.490339084812,2833.322103484268,2308.8744291181647,2403.577219552112
628,2025-02-03 02:00:00+00:00,2422.397484486421,2519.488188143965,2072.3133637676274,2475.535313444723
629,2025-02-03 03:00:00+00:00,2478.011963046175,2625.4537049520013,2461.7117489604525,2527.310328480317
630,2025-02-03 04:00:00+00:00,2530.5978039323886,2558.5866367316694,2458.5137627248646,2462.9428510307257
631,2025-02-03 05:00:00+00:00,2462.9428510307257,2514.9574148593997,2458.5137627248646,2514.9574148593997
632,2025-02-03 06:00:00+00:00,2512.1926208559216,2536.424585777807,2493.422590280089,2525.7944728769003
633,2025-02-03 07:00:00+00:00,2528.068597400698,2622.829694669175,2528.068597400698,2622.829694669175
634,2025-02-03 08:00:00+00:00,2620.470327784699,2620.470327784699,2454.09263920926,2570.8967577483854
635,2025-02-03 09:00:00+00:00,2573.726158599408,2610.531932360515,2571.15384742416,2572.6969254571186
636,2025-02-03 10:00:00+00:00,2576.8163292153386,2610.0099042795605,2572.4396814889697,2608.966161266648
637,2025-02-03 11:00:00+00:00,2607.401329306713,2608.966161266648,2585.8505353035134,2585.8505353035134
638,2025-02-03 12:00:00+00:00,2586.626368042206,2629.1317302577336,2586.626368042206,2586.626368042206
639,2025-02-03 13:00:00+00:00,2585.8505353035134,2589.7320274264457,2559.098379644882,2574.7558034967124
640,2025-02-03 14:00:00+00:00,2571.9252707155742,2637.558005337892,2541.2481322356043,2621.78082502183
641,2025-02-03 15:00:00+00:00,2617.3278064047195,2724.409946335285,2610.792985553752,2708.1132404841856
642,2025-02-03 16:00:00+00:00,2708.1132404841856,2734.235005393099,2692.9909443863576,2718.966843510323
643,2025-02-03 17:00:00+00:00,2717.3360342350265,2717.3360342350265,2679.024434185559,2707.030265945164
644,2025-02-03 18:00:00+00:00,2708.925755702436,2730.956055095043,2708.925755702436,2730.956055095043
645,2025-02-03 19:00:00+00:00,2733.1415847597677,2771.6727291233306,2733.1415847597677,2769.179470462658
646,2025-02-03 20:00:00+00:00,2767.7952960074463,2767.7952960074463,2707.300968971758,2707.300968971758
647,2025-02-03 21:00:00+00:00,2711.0936549579283,2811.590384341318,2711.0936549579283,2811.590384341318
648,2025-02-03 22:00:00+00:00,2818.627801543539,2911.442175679706,2818.627801543539,2878.441844130816
649,2025-02-03 23:00:00+00:00,2874.9899580551382,2888.244711697559,2866.664980470349,2877.578484255308
650,2025-02-04 00:00:00+00:00,2878.441844130816,2880.1693410611447,2848.37782026777,2848.37782026777
651,2025-02-04 01:00:00+00:00,2847.52347779588,2854.65083561371,2846.1001430858605,2852.653379091284
652,2025-02-04 02:00:00+00:00,2852.0829339836578,2852.0829339836578,2812.433945807144,2812.433945807144
653,2025-02-04 03:00:00+00:00,2812.433945807144,2812.9964607206443,2803.16867314959,2805.411993132336
654,2025-02-04 04:00:00+00:00,2807.376370762246,2831.056465457533,2802.88838431116,2802.88838431116
655,2025-02-04 05:00:00+00:00,2800.3670456027157,2800.3670456027157,2625.4537049520013,2699.461560761367
656,2025-02-04 06:00:00+00:00,2699.461560761367,2725.227351054209,2699.461560761367,2721.959202918667
657,2025-02-04 07:00:00+00:00,2724.9548555686524,2727.953805084656,2697.572693291373,2700.8115615148995
658,2025-02-04 08:00:00+00:00,2700.0014800681342,2715.706203102916,2687.0731721285883,2695.685147499884
659,2025-02-04 09:00:00+00:00,2696.493933917384,2711.364764323424,2696.493933917384,2702.702696872925
660,2025-02-04 10:00:00+00:00,2702.702696872925,2750.9639739745617,2702.702696872925,2750.9639739745617
661,2025-02-04 11:00:00+00:00,2751.5141942789965,2781.668232292446,2751.5141942789965,2767.2418199710337
662,2025-02-04 12:00:00+00:00,2767.2418199710337,2814.121828095972,2767.2418199710337,2810.1850107893188
663,2025-02-04 13:00:00+00:00,2810.4660292903977,2829.924325920385,2803.4489900169056,2803.4489900169056
664,2025-02-04 14:00:00+00:00,2804.290108820184,2839.845917647526,2788.3519190873226,2825.6828334172133
665,2025-02-04 15:00:00+00:00,2823.140989958315,2823.140989958315,2749.5889045359063,2784.729597724563
666,2025-02-04 16:00:00+00:00,2783.615984302748,2798.9672820369774,2778.054593643405,2788.073111776145
667,2025-02-04 17:00:00+00:00,2788.3519190873226,2836.156700922756,2788.3519190873226,2812.715189201724
668,2025-02-04 18:00:00+00:00,2813.559088142753,2828.226965450501,2805.692534331649,2828.226965450501
669,2025-02-04 19:00:00+00:00,2828.226965450501,2861.2237598603497,2782.502816214964,2782.502816214964
670,2025-02-04 20:00:00+00:00,2783.615984302748,2786.4008532483363,2731.229150700553,2741.627045074966
671,2025-02-04 21:00:00+00:00,2741.078801903798,2741.078801903798,2646.5405150518363,2646.5405150518363
672,2025-02-04 22:00:00+00:00,2645.2176416827774,2692.452426976438,2643.1024195304435,2683.3140896103178
673,2025-02-04 23:00:00+00:00,2683.3140896103178,2740.804721431655,2683.3140896103178,2740.256642700548
674,2025-02-05 00:00:00+00:00,2738.613064015404,2738.886925321805,2721.414892725973,2738.886925321805
675,2025-02-05 01:00:00+00:00,2738.886925321805,2756.195512340259,2724.6823873299195,2724.6823873299195
676,2025-02-05 02:00:00+00:00,2724.6823873299195,2742.998132787626,2708.654890213415,2742.998132787626
677,2025-02-05 03:00:00+00:00,2740.5306683648187,2740.5306683648187,2728.4994231252103,2728.4994231252103
678,2025-02-05 04:00:00+00:00,2726.317605519173,2730.136932108573,2721.687034215246,2729.8639457140016
679,2025-02-05 05:00:00+00:00,2729.8639457140016,2779.999815347662,2718.6949740129216,2779.999815347662
680,2025-02-05 06:00:00+00:00,2779.4438987734684,2779.4438987734684,2747.664961956717,2747.664961956717
681,2025-02-05 07:00:00+00:00,2746.0169398353505,2767.2418199710337,2745.467818816909,2767.2418199710337
682,2025-02-05 08:00:00+00:00,2766.411813431884,2774.44564943784,2764.4760995254687,2774.44564943784
683,2025-02-05 09:00:00+00:00,2774.44564943784,2784.1727353357687,2757.022453682582,2757.022453682582
684,2025-02-05 10:00:00+00:00,2757.2981559279506,2778.054593643405,2757.2981559279506,2778.054593643405
685,2025-02-05 11:00:00+00:00,2779.165982175251,2808.780339713339,2779.165982175251,2798.9672820369774
686,2025-02-05 12:00:00+00:00,2798.687413295648,2802.88838431116,2793.6545585183635,2793.6545585183635
687,2025-02-05 13:00:00+00:00,2794.7721879722194,2812.433945807144,2794.492738698349,2812.433945807144
688,2025-02-05 14:00:00+00:00,2815.247645685777,2816.373913670171,2786.122241024233,2786.122241024233
689,2025-02-05 15:00:00+00:00,2788.3519190873226,2792.5373760045486,2754.5423736796006,2770.5643371435303
690,2025-02-05 16:00:00+00:00,2769.4563884097047,2775.000566312184,2743.8211145201494,2775.000566312184
691,2025-02-05 17:00:00+00:00,2775.000566312184,2775.000566312184,2740.804721431655,2747.115511383285
692,2025-02-05 18:00:00+00:00,2746.291541529334,2746.566170683487,2723.048149928275,2723.048149928275
693,2025-02-05 19:00:00+00:00,2723.048149928275,2775.83314973487,2723.048149928275,2775.83314973487
694,2025-02-05 20:00:00+00:00,2775.83314973487,2775.83314973487,2752.8902265550714,2762.265513525598
695,2025-02-05 21:00:00+00:00,2762.8179942509587,2783.615984302748,2762.8179942509587,2783.615984302748
696,2025-02-05 22:00:00+00:00,2783.3376505376946,2793.0959114051234,2748.489343878,2759.5047666506043
697,2025-02-05 23:00:00+00:00,2762.8179942509587,2785.286571491404,2762.8179942509587,2785.286571491404
698,2025-02-06 00:00:00+00:00,2786.4008532483363,2788.6307542792315,2771.1184777166022,2771.1184777166022
699,2025-02-06 01:00:00+00:00,2770.5643371435303,2804.5705378310663,2764.4760995254687,2785.286571491404
700,2025-02-06 02:00:00+00:00,2787.2368570991225,2808.780339713339,2787.2368570991225,2808.780339713339
701,2025-02-06 03:00:00+00:00,2809.061217747311,2811.3092534159764,2799.527103483058,2811.028150600916
702,2025-02-06 04:00:00+00:00,2811.590384341318,2823.988016952356,2811.590384341318,2823.988016952356
703,2025-02-06 05:00:00+00:00,2826.530623040549,2840.1299022392905,2826.530623040549,2840.1299022392905
704,2025-02-06 06:00:00+00:00,2838.4264205662157,2847.52347779588,2832.7555240519023,2847.52347779588
705,2025-02-06 07:00:00+00:00,2847.238753920488,2847.238753920488,2836.4403165928484,2836.4403165928484
706,2025-02-06 08:00:00+00:00,2835.0225218013443,2837.291333783872,2834.172185117809,2837.00763302057
707,2025-02-06 09:00:00+00:00,2836.4403165928484,2848.0930109666733,2836.156700922756,2848.0930109666733
708,2025-02-06 10:00:00+00:00,2848.0930109666733,2848.0930109666733,2831.905867331695,2831.905867331695
709,2025-02-06 11:00:00+00:00,2831.905867331695,2831.905867331695,2803.4489900169056,2809.3421238690853
710,2025-02-06 12:00:00+00:00,2809.3421238690853,2809.3421238690853,2772.7815645264304,2778.054593643405
711,2025-02-06 13:00:00+00:00,2778.054593643405,2778.054593643405,2778.054593643405,2778.054593643405
